date,name,value,model,product
2019-01-01,Moran_I_statistic,-0.13503770344067478,NN,OMI
2019-01-01,Expectation,-0.010869565217391304,NN,OMI
2019-01-01,Variance,4.204816506424514e-5,NN,OMI
2019-01-01,p,1,NN,OMI
2019-01-02,Moran_I_statistic,-0.032580113167028225,NN,OMI
2019-01-02,Expectation,-0.010869565217391304,NN,OMI
2019-01-02,Variance,4.0138111815651465e-5,NN,OMI
2019-01-02,p,0.9996946622036559,NN,OMI
2019-01-03,Moran_I_statistic,-0.06954573144354992,NN,OMI
2019-01-03,Expectation,-0.01098901098901099,NN,OMI
2019-01-03,Variance,4.326360223565667e-5,NN,OMI
2019-01-03,p,1,NN,OMI
2019-01-04,Moran_I_statistic,-0.05836718566586187,NN,OMI
2019-01-04,Expectation,-0.010869565217391304,NN,OMI
2019-01-04,Variance,4.201540030642021e-5,NN,OMI
2019-01-04,p,0.999999999999883,NN,OMI
2019-01-05,Moran_I_statistic,-0.023450935372178305,NN,OMI
2019-01-05,Expectation,-0.010752688172043012,NN,OMI
2019-01-05,Variance,4.189084857355773e-5,NN,OMI
2019-01-05,p,0.9751148643108116,NN,OMI
2019-01-06,Moran_I_statistic,-0.018261420490992497,NN,OMI
2019-01-06,Expectation,-0.010869565217391304,NN,OMI
2019-01-06,Variance,4.246023131617598e-5,NN,OMI
2019-01-06,p,0.871684442651981,NN,OMI
2019-01-07,Moran_I_statistic,-0.02348863055856141,NN,OMI
2019-01-07,Expectation,-0.010869565217391304,NN,OMI
2019-01-07,Variance,4.180824907181079e-5,NN,OMI
2019-01-07,p,0.9745085822607297,NN,OMI
2019-01-08,Moran_I_statistic,-0.08200657729771305,NN,OMI
2019-01-08,Expectation,-0.010869565217391304,NN,OMI
2019-01-08,Variance,4.175565104930394e-5,NN,OMI
2019-01-08,p,1,NN,OMI
2019-01-09,Moran_I_statistic,-0.01666473233918664,NN,OMI
2019-01-09,Expectation,-0.010752688172043012,NN,OMI
2019-01-09,Variance,4.142951696736181e-5,NN,OMI
2019-01-09,p,0.8208233984293986,NN,OMI
2019-01-10,Moran_I_statistic,-0.06698981739349855,NN,OMI
2019-01-10,Expectation,-0.010526315789473684,NN,OMI
2019-01-10,Variance,3.942570504102129e-5,NN,OMI
2019-01-10,p,1,NN,OMI
2019-01-11,Moran_I_statistic,-0.06101124830901991,NN,OMI
2019-01-11,Expectation,-0.010526315789473684,NN,OMI
2019-01-11,Variance,3.917438807574023e-5,NN,OMI
2019-01-11,p,0.9999999999999997,NN,OMI
2019-01-12,Moran_I_statistic,-0.050970844975070886,NN,OMI
2019-01-12,Expectation,-0.010638297872340425,NN,OMI
2019-01-12,Variance,3.9985596956549464e-5,NN,OMI
2019-01-12,p,0.9999999999104584,NN,OMI
2019-01-13,Moran_I_statistic,-0.01934500729767145,NN,OMI
2019-01-13,Expectation,-0.010638297872340425,NN,OMI
2019-01-13,Variance,3.966023062162302e-5,NN,OMI
2019-01-13,p,0.9165963999969685,NN,OMI
2019-01-14,Moran_I_statistic,-0.07136516714871909,NN,OMI
2019-01-14,Expectation,-0.010752688172043012,NN,OMI
2019-01-14,Variance,4.113788941986471e-5,NN,OMI
2019-01-14,p,1,NN,OMI
2019-01-15,Moran_I_statistic,-0.044299366842539815,NN,OMI
2019-01-15,Expectation,-0.010869565217391304,NN,OMI
2019-01-15,Variance,4.3331347715114266e-5,NN,OMI
2019-01-15,p,0.9999998097545242,NN,OMI
2019-01-16,Moran_I_statistic,-0.028396000476962977,NN,OMI
2019-01-16,Expectation,-0.010869565217391304,NN,OMI
2019-01-16,Variance,4.1208755882503686e-5,NN,OMI
2019-01-16,p,0.9968354686445747,NN,OMI
2019-01-17,Moran_I_statistic,-0.00832401588493448,NN,OMI
2019-01-17,Expectation,-0.010752688172043012,NN,OMI
2019-01-17,Variance,4.2092579407753075e-5,NN,OMI
2019-01-17,p,0.3540757164868088,NN,OMI
2019-01-18,Moran_I_statistic,-0.038659925224495385,NN,OMI
2019-01-18,Expectation,-0.010638297872340425,NN,OMI
2019-01-18,Variance,4.0377875767945085e-5,NN,OMI
2019-01-18,p,0.9999948273547052,NN,OMI
2019-01-19,Moran_I_statistic,-0.03568513854761263,NN,OMI
2019-01-19,Expectation,-0.010526315789473684,NN,OMI
2019-01-19,Variance,3.836700993443784e-5,NN,OMI
2019-01-19,p,0.9999756450831745,NN,OMI
2019-01-20,Moran_I_statistic,-0.05447785782807546,NN,OMI
2019-01-20,Expectation,-0.010526315789473684,NN,OMI
2019-01-20,Variance,3.936850626992226e-5,NN,OMI
2019-01-20,p,0.9999999999987639,NN,OMI
2019-01-21,Moran_I_statistic,-0.015013478208501031,NN,OMI
2019-01-21,Expectation,-0.010638297872340425,NN,OMI
2019-01-21,Variance,4.014297778746987e-5,NN,OMI
2019-01-21,p,0.7550738299836389,NN,OMI
2019-01-22,Moran_I_statistic,-0.02897103209442652,NN,OMI
2019-01-22,Expectation,-0.010752688172043012,NN,OMI
2019-01-22,Variance,4.155311652133131e-5,NN,OMI
2019-01-22,p,0.9976450089471768,NN,OMI
2019-01-23,Moran_I_statistic,-0.07821790755936049,NN,OMI
2019-01-23,Expectation,-0.010638297872340425,NN,OMI
2019-01-23,Variance,4.064789135152508e-5,NN,OMI
2019-01-23,p,1,NN,OMI
2019-01-24,Moran_I_statistic,-0.06614981039999498,NN,OMI
2019-01-24,Expectation,-0.010752688172043012,NN,OMI
2019-01-24,Variance,4.167319886649717e-5,NN,OMI
2019-01-24,p,1,NN,OMI
2019-01-25,Moran_I_statistic,-0.029045266817746,NN,OMI
2019-01-25,Expectation,-0.010638297872340425,NN,OMI
2019-01-25,Variance,4.010224083769102e-5,NN,OMI
2019-01-25,p,0.998173595445977,NN,OMI
2019-01-26,Moran_I_statistic,-0.017084455555226984,NN,OMI
2019-01-26,Expectation,-0.010638297872340425,NN,OMI
2019-01-26,Variance,4.048893880447476e-5,NN,OMI
2019-01-26,p,0.8444828892784929,NN,OMI
2019-01-27,Moran_I_statistic,-0.12377976006682097,NN,OMI
2019-01-27,Expectation,-0.010526315789473684,NN,OMI
2019-01-27,Variance,3.8987477693012965e-5,NN,OMI
2019-01-27,p,1,NN,OMI
2019-01-28,Moran_I_statistic,-0.009943041148265304,NN,OMI
2019-01-28,Expectation,-0.010638297872340425,NN,OMI
2019-01-28,Variance,4.0624127794601544e-5,NN,OMI
2019-01-28,p,0.45656871774994384,NN,OMI
2019-01-29,Moran_I_statistic,-0.016249790916207034,NN,OMI
2019-01-29,Expectation,-0.010869565217391304,NN,OMI
2019-01-29,Variance,4.2393710394939406e-5,NN,OMI
2019-01-29,p,0.795689522248243,NN,OMI
2019-01-30,Moran_I_statistic,-0.06766322622109859,NN,OMI
2019-01-30,Expectation,-0.010638297872340425,NN,OMI
2019-01-30,Variance,4.004326410705664e-5,NN,OMI
2019-01-30,p,1,NN,OMI
2019-01-31,Moran_I_statistic,-0.05327333856850833,NN,OMI
2019-01-31,Expectation,-0.010638297872340425,NN,OMI
2019-01-31,Variance,4.062778155053702e-5,NN,OMI
2019-01-31,p,0.9999999999887578,NN,OMI
2019-02-01,Moran_I_statistic,-0.03990122357970051,NN,OMI
2019-02-01,Expectation,-0.010526315789473684,NN,OMI
2019-02-01,Variance,3.986007863263304e-5,NN,OMI
2019-02-01,p,0.9999983621194981,NN,OMI
2019-02-02,Moran_I_statistic,-0.02558151080812165,NN,OMI
2019-02-02,Expectation,-0.010638297872340425,NN,OMI
2019-02-02,Variance,4.036399699834661e-5,NN,OMI
2019-02-02,p,0.9906649153908782,NN,OMI
2019-02-03,Moran_I_statistic,-0.01143694285718195,NN,OMI
2019-02-03,Expectation,-0.010638297872340425,NN,OMI
2019-02-03,Variance,4.044088472248376e-5,NN,OMI
2019-02-03,p,0.5499704309241827,NN,OMI
2019-02-04,Moran_I_statistic,-0.05818718239999308,NN,OMI
2019-02-04,Expectation,-0.010752688172043012,NN,OMI
2019-02-04,Variance,4.127154217654779e-5,NN,OMI
2019-02-04,p,0.999999999999923,NN,OMI
2019-02-05,Moran_I_statistic,-0.01057414548822004,NN,OMI
2019-02-05,Expectation,-0.010526315789473684,NN,OMI
2019-02-05,Variance,3.834755038115957e-5,NN,OMI
2019-02-05,p,0.5030813042283323,NN,OMI
2019-02-06,Moran_I_statistic,-0.00971245893071828,NN,OMI
2019-02-06,Expectation,-0.010526315789473684,NN,OMI
2019-02-06,Variance,3.8060451855895106e-5,NN,OMI
2019-02-06,p,0.44752373470281714,NN,OMI
2019-02-07,Moran_I_statistic,-0.019017740206404142,NN,OMI
2019-02-07,Expectation,-0.010638297872340425,NN,OMI
2019-02-07,Variance,4.052723222376187e-5,NN,OMI
2019-02-07,p,0.9059565841399848,NN,OMI
2019-02-08,Moran_I_statistic,-0.013838153587556782,NN,OMI
2019-02-08,Expectation,-0.010752688172043012,NN,OMI
2019-02-08,Variance,4.168722451739142e-5,NN,OMI
2019-02-08,p,0.6836323234979439,NN,OMI
2019-02-09,Moran_I_statistic,-0.025435673662270356,NN,OMI
2019-02-09,Expectation,-0.010638297872340425,NN,OMI
2019-02-09,Variance,4.037785188820944e-5,NN,OMI
2019-02-09,p,0.9900624546415167,NN,OMI
2019-02-10,Moran_I_statistic,-0.08155258092172012,NN,OMI
2019-02-10,Expectation,-0.010638297872340425,NN,OMI
2019-02-10,Variance,4.0476859154599444e-5,NN,OMI
2019-02-10,p,1,NN,OMI
2019-02-11,Moran_I_statistic,-0.007811392699158094,NN,OMI
2019-02-11,Expectation,-0.010752688172043012,NN,OMI
2019-02-11,Variance,4.104173295464956e-5,NN,OMI
2019-02-11,p,0.3230741503156523,NN,OMI
2019-02-12,Moran_I_statistic,-0.0968388551153116,NN,OMI
2019-02-12,Expectation,-0.010752688172043012,NN,OMI
2019-02-12,Variance,4.0864569548066404e-5,NN,OMI
2019-02-12,p,1,NN,OMI
2019-02-13,Moran_I_statistic,-0.0389904506922757,NN,OMI
2019-02-13,Expectation,-0.010526315789473684,NN,OMI
2019-02-13,Variance,3.95204451805308e-5,NN,OMI
2019-02-13,p,0.9999970199289019,NN,OMI
2019-02-14,Moran_I_statistic,-0.028198394196874182,NN,OMI
2019-02-14,Expectation,-0.010638297872340425,NN,OMI
2019-02-14,Variance,3.976457109981912e-5,NN,OMI
2019-02-14,p,0.9973211539589552,NN,OMI
2019-02-15,Moran_I_statistic,-0.01077330501931542,NN,OMI
2019-02-15,Expectation,-0.010526315789473684,NN,OMI
2019-02-15,Variance,3.81290611847749e-5,NN,OMI
2019-02-15,p,0.5159530685549716,NN,OMI
2019-02-16,Moran_I_statistic,-0.030932589457043923,NN,OMI
2019-02-16,Expectation,-0.010526315789473684,NN,OMI
2019-02-16,Variance,3.774462934523743e-5,NN,OMI
2019-02-16,p,0.9995523479990689,NN,OMI
2019-02-17,Moran_I_statistic,-0.018909175828226987,NN,OMI
2019-02-17,Expectation,-0.010526315789473684,NN,OMI
2019-02-17,Variance,3.8431255568206895e-5,NN,OMI
2019-02-17,p,0.9118488075002503,NN,OMI
2019-02-18,Moran_I_statistic,-0.012617482886307265,NN,OMI
2019-02-18,Expectation,-0.010526315789473684,NN,OMI
2019-02-18,Variance,3.904430391062006e-5,NN,OMI
2019-02-18,p,0.631060980369601,NN,OMI
2019-02-19,Moran_I_statistic,-0.01630530158533395,NN,OMI
2019-02-19,Expectation,-0.010638297872340425,NN,OMI
2019-02-19,Variance,4.068745060788347e-5,NN,OMI
2019-02-19,p,0.8128452764766441,NN,OMI
2019-02-20,Moran_I_statistic,-0.008325271707216966,NN,OMI
2019-02-20,Expectation,-0.010638297872340425,NN,OMI
2019-02-20,Variance,4.0783278937040694e-5,NN,OMI
2019-02-20,p,0.3586040848195958,NN,OMI
2019-02-21,Moran_I_statistic,-0.018929522994418475,NN,OMI
2019-02-21,Expectation,-0.010526315789473684,NN,OMI
2019-02-21,Variance,3.9623406849571756e-5,NN,OMI
2019-02-21,p,0.9090557398623125,NN,OMI
2019-02-22,Moran_I_statistic,-0.0259160045966348,NN,OMI
2019-02-22,Expectation,-0.010526315789473684,NN,OMI
2019-02-22,Variance,3.911782780965851e-5,NN,OMI
2019-02-22,p,0.993064913532342,NN,OMI
2019-02-23,Moran_I_statistic,-0.03546638783040187,NN,OMI
2019-02-23,Expectation,-0.010526315789473684,NN,OMI
2019-02-23,Variance,3.9780281315184514e-5,NN,OMI
2019-02-23,p,0.9999616119458093,NN,OMI
2019-02-24,Moran_I_statistic,-0.04702406789994805,NN,OMI
2019-02-24,Expectation,-0.010526315789473684,NN,OMI
2019-02-24,Variance,3.959754008689774e-5,NN,OMI
2019-02-24,p,0.9999999966853155,NN,OMI
2019-02-25,Moran_I_statistic,-0.025885401832590197,NN,OMI
2019-02-25,Expectation,-0.010526315789473684,NN,OMI
2019-02-25,Variance,3.8927058753409095e-5,NN,OMI
2019-02-25,p,0.9930864726086156,NN,OMI
2019-02-26,Moran_I_statistic,-0.0243512734684917,NN,OMI
2019-02-26,Expectation,-0.010638297872340425,NN,OMI
2019-02-26,Variance,4.035753648233499e-5,NN,OMI
2019-02-26,p,0.9845588545303482,NN,OMI
2019-02-27,Moran_I_statistic,-0.016214716092153275,NN,OMI
2019-02-27,Expectation,-0.010752688172043012,NN,OMI
2019-02-27,Variance,4.128629881154689e-5,NN,OMI
2019-02-27,p,0.8023548751345043,NN,OMI
2019-02-28,Moran_I_statistic,-0.021298514355868204,NN,OMI
2019-02-28,Expectation,-0.010752688172043012,NN,OMI
2019-02-28,Variance,4.1006537890010846e-5,NN,OMI
2019-02-28,p,0.9502055643883344,NN,OMI
2019-03-01,Moran_I_statistic,-0.02188994626682863,NN,OMI
2019-03-01,Expectation,-0.010638297872340425,NN,OMI
2019-03-01,Variance,3.9903220717407066e-5,NN,OMI
2019-03-01,p,0.9625599375932681,NN,OMI
2019-03-02,Moran_I_statistic,-0.05299795719363158,NN,OMI
2019-03-02,Expectation,-0.010526315789473684,NN,OMI
2019-03-02,Variance,3.921809523122417e-5,NN,OMI
2019-03-02,p,0.9999999999940725,NN,OMI
2019-03-03,Moran_I_statistic,-0.05947363544161688,NN,OMI
2019-03-03,Expectation,-0.010526315789473684,NN,OMI
2019-03-03,Variance,3.856280559395556e-5,NN,OMI
2019-03-03,p,0.9999999999999984,NN,OMI
2019-03-04,Moran_I_statistic,-0.056978212505080846,NN,OMI
2019-03-04,Expectation,-0.010526315789473684,NN,OMI
2019-03-04,Variance,3.896173847041464e-5,NN,OMI
2019-03-04,p,0.9999999999999504,NN,OMI
2019-03-05,Moran_I_statistic,-0.054738475392470114,NN,OMI
2019-03-05,Expectation,-0.010869565217391304,NN,OMI
2019-03-05,Variance,4.235736811367667e-5,NN,OMI
2019-03-05,p,0.9999999999921081,NN,OMI
2019-03-06,Moran_I_statistic,-0.04037864934428851,NN,OMI
2019-03-06,Expectation,-0.010752688172043012,NN,OMI
2019-03-06,Variance,4.165206439310473e-5,NN,OMI
2019-03-06,p,0.9999977884222945,NN,OMI
2019-03-07,Moran_I_statistic,-0.027835559100481685,NN,OMI
2019-03-07,Expectation,-0.010752688172043012,NN,OMI
2019-03-07,Variance,4.199183442033206e-5,NN,OMI
2019-03-07,p,0.9958079910420676,NN,OMI
2019-03-08,Moran_I_statistic,-0.010028632097268033,NN,OMI
2019-03-08,Expectation,-0.010638297872340425,NN,OMI
2019-03-08,Variance,4.064722996034454e-5,NN,OMI
2019-03-08,p,0.4619087769233542,NN,OMI
2019-03-09,Moran_I_statistic,-0.026703684766345926,NN,OMI
2019-03-09,Expectation,-0.010638297872340425,NN,OMI
2019-03-09,Variance,4.0452895196808485e-5,NN,OMI
2019-03-09,p,0.9942299058609154,NN,OMI
2019-03-10,Moran_I_statistic,-0.01086566168622828,NN,OMI
2019-03-10,Expectation,-0.010526315789473684,NN,OMI
2019-03-10,Variance,3.984038573216841e-5,NN,OMI
2019-03-10,p,0.5214378745478824,NN,OMI
2019-03-11,Moran_I_statistic,-0.007931070943126369,NN,OMI
2019-03-11,Expectation,-0.010638297872340425,NN,OMI
2019-03-11,Variance,4.0301659378763876e-5,NN,OMI
2019-03-11,p,0.3348917474859343,NN,OMI
2019-03-12,Moran_I_statistic,-0.025715992836147113,NN,OMI
2019-03-12,Expectation,-0.010869565217391304,NN,OMI
2019-03-12,Variance,4.245686216793862e-5,NN,OMI
2019-03-12,p,0.9886514393611197,NN,OMI
2019-03-13,Moran_I_statistic,-0.07142127523754939,NN,OMI
2019-03-13,Expectation,-0.010752688172043012,NN,OMI
2019-03-13,Variance,3.989261627443878e-5,NN,OMI
2019-03-13,p,1,NN,OMI
2019-03-14,Moran_I_statistic,-0.03537855190513339,NN,OMI
2019-03-14,Expectation,-0.010526315789473684,NN,OMI
2019-03-14,Variance,3.7232765314869134e-5,NN,OMI
2019-03-14,p,0.9999767834556358,NN,OMI
2019-03-15,Moran_I_statistic,-0.04811229369845957,NN,OMI
2019-03-15,Expectation,-0.010638297872340425,NN,OMI
2019-03-15,Variance,3.905954507099751e-5,NN,OMI
2019-03-15,p,0.9999999989892263,NN,OMI
2019-03-16,Moran_I_statistic,-0.06987642597995955,NN,OMI
2019-03-16,Expectation,-0.010638297872340425,NN,OMI
2019-03-16,Variance,3.903371749728999e-5,NN,OMI
2019-03-16,p,1,NN,OMI
2019-03-17,Moran_I_statistic,-0.06957427228898519,NN,OMI
2019-03-17,Expectation,-0.010638297872340425,NN,OMI
2019-03-17,Variance,3.98452771366449e-5,NN,OMI
2019-03-17,p,1,NN,OMI
2019-03-18,Moran_I_statistic,-0.06633204006092523,NN,OMI
2019-03-18,Expectation,-0.010752688172043012,NN,OMI
2019-03-18,Variance,4.0318620463857406e-5,NN,OMI
2019-03-18,p,1,NN,OMI
2019-03-19,Moran_I_statistic,-0.11993501380666309,NN,OMI
2019-03-19,Expectation,-0.010638297872340425,NN,OMI
2019-03-19,Variance,4.088573072897131e-5,NN,OMI
2019-03-19,p,1,NN,OMI
2019-03-20,Moran_I_statistic,-0.06844381681044918,NN,OMI
2019-03-20,Expectation,-0.010752688172043012,NN,OMI
2019-03-20,Variance,4.153537052725008e-5,NN,OMI
2019-03-20,p,1,NN,OMI
2019-03-21,Moran_I_statistic,-0.018954472846172982,NN,OMI
2019-03-21,Expectation,-0.010638297872340425,NN,OMI
2019-03-21,Variance,4.0271993769553445e-5,NN,OMI
2019-03-21,p,0.9049789907866372,NN,OMI
2019-03-22,Moran_I_statistic,-0.024294189576438613,NN,OMI
2019-03-22,Expectation,-0.01098901098901099,NN,OMI
2019-03-22,Variance,4.417721517371341e-5,NN,OMI
2019-03-22,p,0.9773470891609743,NN,OMI
2019-03-23,Moran_I_statistic,-0.02086450082765669,NN,OMI
2019-03-23,Expectation,-0.010638297872340425,NN,OMI
2019-03-23,Variance,4.0193976286281716e-5,NN,OMI
2019-03-23,p,0.9466275663184611,NN,OMI
2019-03-24,Moran_I_statistic,-0.04997049729171064,NN,OMI
2019-03-24,Expectation,-0.010638297872340425,NN,OMI
2019-03-24,Variance,4.046269332315131e-5,NN,OMI
2019-03-24,p,0.9999999996861385,NN,OMI
2019-03-25,Moran_I_statistic,-0.024935581196738867,NN,OMI
2019-03-25,Expectation,-0.010752688172043012,NN,OMI
2019-03-25,Variance,4.1293971135557454e-5,NN,OMI
2019-03-25,p,0.9863463728567963,NN,OMI
2019-03-26,Moran_I_statistic,-0.018418178260426042,NN,OMI
2019-03-26,Expectation,-0.010752688172043012,NN,OMI
2019-03-26,Variance,4.028952605514918e-5,NN,OMI
2019-03-26,p,0.8864105184083874,NN,OMI
2019-03-27,Moran_I_statistic,-0.03234074958934666,NN,OMI
2019-03-27,Expectation,-0.010752688172043012,NN,OMI
2019-03-27,Variance,3.9943664173372096e-5,NN,OMI
2019-03-27,p,0.9996820001549084,NN,OMI
2019-03-28,Moran_I_statistic,-0.07557367288706043,NN,OMI
2019-03-28,Expectation,-0.010752688172043012,NN,OMI
2019-03-28,Variance,4.081854066353639e-5,NN,OMI
2019-03-28,p,1,NN,OMI
2019-03-29,Moran_I_statistic,-0.11257352465741312,NN,OMI
2019-03-29,Expectation,-0.01098901098901099,NN,OMI
2019-03-29,Variance,4.29703700769195e-5,NN,OMI
2019-03-29,p,1,NN,OMI
2019-03-30,Moran_I_statistic,-0.017380249317850684,NN,OMI
2019-03-30,Expectation,-0.01098901098901099,NN,OMI
2019-03-30,Variance,4.315933321410485e-5,NN,OMI
2019-03-30,p,0.834687054196402,NN,OMI
2019-03-31,Moran_I_statistic,-0.03770423957721426,NN,OMI
2019-03-31,Expectation,-0.010526315789473684,NN,OMI
2019-03-31,Variance,3.928846065973957e-5,NN,OMI
2019-03-31,p,0.9999927432400111,NN,OMI
2019-04-01,Moran_I_statistic,-0.07482737782900882,NN,OMI
2019-04-01,Expectation,-0.010526315789473684,NN,OMI
2019-04-01,Variance,3.9535267642780775e-5,NN,OMI
2019-04-01,p,1,NN,OMI
2019-04-02,Moran_I_statistic,-0.034568876918907906,NN,OMI
2019-04-02,Expectation,-0.010752688172043012,NN,OMI
2019-04-02,Variance,4.18251247045693e-5,NN,OMI
2019-04-02,p,0.9998845628842695,NN,OMI
2019-04-03,Moran_I_statistic,-0.033138012731238856,NN,OMI
2019-04-03,Expectation,-0.010869565217391304,NN,OMI
2019-04-03,Variance,4.1227556316318685e-5,NN,OMI
2019-04-03,p,0.9997379591940252,NN,OMI
2019-04-04,Moran_I_statistic,-0.09431463873404947,NN,OMI
2019-04-04,Expectation,-0.010869565217391304,NN,OMI
2019-04-04,Variance,4.263840799300801e-5,NN,OMI
2019-04-04,p,1,NN,OMI
2019-04-05,Moran_I_statistic,-0.016998893190890624,NN,OMI
2019-04-05,Expectation,-0.010638297872340425,NN,OMI
2019-04-05,Variance,4.009703587359352e-5,NN,OMI
2019-04-05,p,0.8424265342789287,NN,OMI
2019-04-06,Moran_I_statistic,-0.083049059597184,NN,OMI
2019-04-06,Expectation,-0.010526315789473684,NN,OMI
2019-04-06,Variance,3.9483981998573035e-5,NN,OMI
2019-04-06,p,1,NN,OMI
2019-04-07,Moran_I_statistic,-0.07136252415614407,NN,OMI
2019-04-07,Expectation,-0.010638297872340425,NN,OMI
2019-04-07,Variance,4.0656439458121475e-5,NN,OMI
2019-04-07,p,1,NN,OMI
2019-04-08,Moran_I_statistic,-0.027881808516509496,NN,OMI
2019-04-08,Expectation,-0.010638297872340425,NN,OMI
2019-04-08,Variance,3.954996450869814e-5,NN,OMI
2019-04-08,p,0.9969458136337613,NN,OMI
2019-04-09,Moran_I_statistic,-0.08068041229083653,NN,OMI
2019-04-09,Expectation,-0.010752688172043012,NN,OMI
2019-04-09,Variance,4.155669108529379e-5,NN,OMI
2019-04-09,p,1,NN,OMI
2019-04-10,Moran_I_statistic,-0.010445962415338326,NN,OMI
2019-04-10,Expectation,-0.010752688172043012,NN,OMI
2019-04-10,Variance,4.1322735236489836e-5,NN,OMI
2019-04-10,p,0.4809716552213932,NN,OMI
2019-04-11,Moran_I_statistic,-0.01751683039565956,NN,OMI
2019-04-11,Expectation,-0.010638297872340425,NN,OMI
2019-04-11,Variance,3.6721807672511746e-5,NN,OMI
2019-04-11,p,0.8718330951538391,NN,OMI
2019-04-12,Moran_I_statistic,-0.024497766091519567,NN,OMI
2019-04-12,Expectation,-0.010752688172043012,NN,OMI
2019-04-12,Variance,3.951689446003442e-5,NN,OMI
2019-04-12,p,0.9856116404729682,NN,OMI
2019-04-13,Moran_I_statistic,-0.05440986319513569,NN,OMI
2019-04-13,Expectation,-0.010752688172043012,NN,OMI
2019-04-13,Variance,4.124024769627944e-5,NN,OMI
2019-04-13,p,0.9999999999947039,NN,OMI
2019-04-14,Moran_I_statistic,-0.0537538198919531,NN,OMI
2019-04-14,Expectation,-0.010638297872340425,NN,OMI
2019-04-14,Variance,3.990691838525704e-5,NN,OMI
2019-04-14,p,0.9999999999956071,NN,OMI
2019-04-15,Moran_I_statistic,-0.04030985144883159,NN,OMI
2019-04-15,Expectation,-0.010752688172043012,NN,OMI
2019-04-15,Variance,4.0528982070755666e-5,NN,OMI
2019-04-15,p,0.9999982813983234,NN,OMI
2019-04-16,Moran_I_statistic,-0.01973146452292782,NN,OMI
2019-04-16,Expectation,-0.010752688172043012,NN,OMI
2019-04-16,Variance,4.054742255555275e-5,NN,OMI
2019-04-16,p,0.920738026531653,NN,OMI
2019-04-17,Moran_I_statistic,-0.12258196086689115,NN,OMI
2019-04-17,Expectation,-0.010869565217391304,NN,OMI
2019-04-17,Variance,4.2014032839170126e-5,NN,OMI
2019-04-17,p,1,NN,OMI
2019-04-18,Moran_I_statistic,-0.05291277230078583,NN,OMI
2019-04-18,Expectation,-0.010869565217391304,NN,OMI
2019-04-18,Variance,4.190216575203026e-5,NN,OMI
2019-04-18,p,0.9999999999584769,NN,OMI
2019-04-19,Moran_I_statistic,-0.04782504976822736,NN,OMI
2019-04-19,Expectation,-0.010638297872340425,NN,OMI
2019-04-19,Variance,3.900951886698747e-5,NN,OMI
2019-04-19,p,0.999999998691021,NN,OMI
2019-04-20,Moran_I_statistic,-0.04029398218570463,NN,OMI
2019-04-20,Expectation,-0.010638297872340425,NN,OMI
2019-04-20,Variance,3.8385756272769147e-5,NN,OMI
2019-04-20,p,0.9999991516505226,NN,OMI
2019-04-21,Moran_I_statistic,-0.011686543554923823,NN,OMI
2019-04-21,Expectation,-0.010752688172043012,NN,OMI
2019-04-21,Variance,4.05757093078543e-5,NN,OMI
2019-04-21,p,0.558277801299692,NN,OMI
2019-04-22,Moran_I_statistic,-0.02153245461267105,NN,OMI
2019-04-22,Expectation,-0.010638297872340425,NN,OMI
2019-04-22,Variance,3.869170701698238e-5,NN,OMI
2019-04-22,p,0.9600612505300145,NN,OMI
2019-04-23,Moran_I_statistic,-0.032297672355611005,NN,OMI
2019-04-23,Expectation,-0.010638297872340425,NN,OMI
2019-04-23,Variance,3.97208634547918e-5,NN,OMI
2019-04-23,p,0.9997055328199117,NN,OMI
2019-04-24,Moran_I_statistic,-0.015412237011208342,NN,OMI
2019-04-24,Expectation,-0.010752688172043012,NN,OMI
2019-04-24,Variance,4.0889171545807095e-5,NN,OMI
2019-04-24,p,0.766902754648729,NN,OMI
2019-04-25,Moran_I_statistic,-0.008527628900750489,NN,OMI
2019-04-25,Expectation,-0.010752688172043012,NN,OMI
2019-04-25,Variance,3.843372044942148e-5,NN,OMI
2019-04-25,p,0.35983126738451354,NN,OMI
2019-04-26,Moran_I_statistic,-0.03330274745053911,NN,OMI
2019-04-26,Expectation,-0.010869565217391304,NN,OMI
2019-04-26,Variance,4.164391306875199e-5,NN,OMI
2019-04-26,p,0.9997457922135072,NN,OMI
2019-04-27,Moran_I_statistic,-0.04015840145227223,NN,OMI
2019-04-27,Expectation,-0.010752688172043012,NN,OMI
2019-04-27,Variance,4.048356271687776e-5,NN,OMI
2019-04-27,p,0.9999980960416177,NN,OMI
2019-04-28,Moran_I_statistic,-0.006514179114968995,NN,OMI
2019-04-28,Expectation,-0.010869565217391304,NN,OMI
2019-04-28,Variance,4.081890029695434e-5,NN,OMI
2019-04-28,p,0.24771298513612275,NN,OMI
2019-04-29,Moran_I_statistic,-0.10786723206025531,NN,OMI
2019-04-29,Expectation,-0.010869565217391304,NN,OMI
2019-04-29,Variance,4.214160837278267e-5,NN,OMI
2019-04-29,p,1,NN,OMI
2019-04-30,Moran_I_statistic,-0.04952963124240417,NN,OMI
2019-04-30,Expectation,-0.01098901098901099,NN,OMI
2019-04-30,Variance,4.216829712602141e-5,NN,OMI
2019-04-30,p,0.9999999985313776,NN,OMI
2019-05-01,Moran_I_statistic,-0.01794780167721874,NN,OMI
2019-05-01,Expectation,-0.010752688172043012,NN,OMI
2019-05-01,Variance,4.0014551183563865e-5,NN,OMI
2019-05-01,p,0.8723229003199394,NN,OMI
2019-05-02,Moran_I_statistic,-0.06089676238921531,NN,OMI
2019-05-02,Expectation,-0.010638297872340425,NN,OMI
2019-05-02,Variance,4.004490920016859e-5,NN,OMI
2019-05-02,p,0.999999999999999,NN,OMI
2019-05-03,Moran_I_statistic,-0.009398523604947287,NN,OMI
2019-05-03,Expectation,-0.010638297872340425,NN,OMI
2019-05-03,Variance,3.830669480550222e-5,NN,OMI
2019-05-03,p,0.4206185938458708,NN,OMI
2019-05-04,Moran_I_statistic,-0.0731397304466242,NN,OMI
2019-05-04,Expectation,-0.010638297872340425,NN,OMI
2019-05-04,Variance,3.8132370792831626e-5,NN,OMI
2019-05-04,p,1,NN,OMI
2019-05-05,Moran_I_statistic,-0.06236708788620562,NN,OMI
2019-05-05,Expectation,-0.010638297872340425,NN,OMI
2019-05-05,Variance,3.836942097320615e-5,NN,OMI
2019-05-05,p,1,NN,OMI
2019-05-06,Moran_I_statistic,-0.06828981657900536,NN,OMI
2019-05-06,Expectation,-0.010869565217391304,NN,OMI
2019-05-06,Variance,4.237196994383131e-5,NN,OMI
2019-05-06,p,1,NN,OMI
2019-05-07,Moran_I_statistic,-0.04593833993935002,NN,OMI
2019-05-07,Expectation,-0.010869565217391304,NN,OMI
2019-05-07,Variance,4.153353256842969e-5,NN,OMI
2019-05-07,p,0.9999999735877921,NN,OMI
2019-05-08,Moran_I_statistic,-0.02252099748115941,NN,OMI
2019-05-08,Expectation,-0.010638297872340425,NN,OMI
2019-05-08,Variance,4.014646787780211e-5,NN,OMI
2019-05-08,p,0.9696304110463663,NN,OMI
2019-05-09,Moran_I_statistic,-0.023510455474977574,NN,OMI
2019-05-09,Expectation,-0.010638297872340425,NN,OMI
2019-05-09,Variance,3.962608380181674e-5,NN,OMI
2019-05-09,p,0.9795650168549402,NN,OMI
2019-05-10,Moran_I_statistic,-0.01600882982974168,NN,OMI
2019-05-10,Expectation,-0.010752688172043012,NN,OMI
2019-05-10,Variance,4.094646904345376e-5,NN,OMI
2019-05-10,p,0.794292994481886,NN,OMI
2019-05-11,Moran_I_statistic,-0.030363700437036727,NN,OMI
2019-05-11,Expectation,-0.010752688172043012,NN,OMI
2019-05-11,Variance,3.8678718455856126e-5,NN,OMI
2019-05-11,p,0.9991927945071779,NN,OMI
2019-05-12,Moran_I_statistic,-0.017534430932700098,NN,OMI
2019-05-12,Expectation,-0.010638297872340425,NN,OMI
2019-05-12,Variance,3.809885218412489e-5,NN,OMI
2019-05-12,p,0.8680559042420685,NN,OMI
2019-05-13,Moran_I_statistic,-0.03876994940799613,NN,OMI
2019-05-13,Expectation,-0.010869565217391304,NN,OMI
2019-05-13,Variance,4.177724008122457e-5,NN,OMI
2019-05-13,p,0.9999920769208939,NN,OMI
2019-05-14,Moran_I_statistic,-0.00915963583976316,NN,OMI
2019-05-14,Expectation,-0.01098901098901099,NN,OMI
2019-05-14,Variance,4.3561819695736836e-5,NN,OMI
2019-05-14,p,0.39082391801009764,NN,OMI
2019-05-15,Moran_I_statistic,-0.017984630703875737,NN,OMI
2019-05-15,Expectation,-0.010752688172043012,NN,OMI
2019-05-15,Variance,4.082278587484702e-5,NN,OMI
2019-05-15,p,0.871159342610523,NN,OMI
2019-05-16,Moran_I_statistic,-0.022108596700454973,NN,OMI
2019-05-16,Expectation,-0.010869565217391304,NN,OMI
2019-05-16,Variance,4.267899193878885e-5,NN,OMI
2019-05-16,p,0.9573173789165972,NN,OMI
2019-05-17,Moran_I_statistic,-0.07850544103084696,NN,OMI
2019-05-17,Expectation,-0.010869565217391304,NN,OMI
2019-05-17,Variance,4.247182400757851e-5,NN,OMI
2019-05-17,p,1,NN,OMI
2019-05-18,Moran_I_statistic,-0.023718832150065945,NN,OMI
2019-05-18,Expectation,-0.010752688172043012,NN,OMI
2019-05-18,Variance,4.088092159413818e-5,NN,OMI
2019-05-18,p,0.9787157175590131,NN,OMI
2019-05-19,Moran_I_statistic,-0.06299684947002475,NN,OMI
2019-05-19,Expectation,-0.010752688172043012,NN,OMI
2019-05-19,Variance,4.067266662803865e-5,NN,OMI
2019-05-19,p,0.9999999999999999,NN,OMI
2019-05-20,Moran_I_statistic,-0.04314279331228545,NN,OMI
2019-05-20,Expectation,-0.01098901098901099,NN,OMI
2019-05-20,Variance,4.155008244150594e-5,NN,OMI
2019-05-20,p,0.9999996953187178,NN,OMI
2019-05-21,Moran_I_statistic,-0.0572363784858219,NN,OMI
2019-05-21,Expectation,-0.010752688172043012,NN,OMI
2019-05-21,Variance,4.066416345578759e-5,NN,OMI
2019-05-21,p,0.9999999999998443,NN,OMI
2019-05-22,Moran_I_statistic,-0.029891936076327317,NN,OMI
2019-05-22,Expectation,-0.01098901098901099,NN,OMI
2019-05-22,Variance,4.2415486095659025e-5,NN,OMI
2019-05-22,p,0.9981487993605456,NN,OMI
2019-05-23,Moran_I_statistic,-0.010907780135662938,NN,OMI
2019-05-23,Expectation,-0.010869565217391304,NN,OMI
2019-05-23,Variance,4.1472657671378185e-5,NN,OMI
2019-05-23,p,0.5023673339080101,NN,OMI
2019-05-24,Moran_I_statistic,-0.02442898229190388,NN,OMI
2019-05-24,Expectation,-0.010752688172043012,NN,OMI
2019-05-24,Variance,3.8521017664085803e-5,NN,OMI
2019-05-24,p,0.9862213976514883,NN,OMI
2019-05-25,Moran_I_statistic,-0.051009182927121116,NN,OMI
2019-05-25,Expectation,-0.010752688172043012,NN,OMI
2019-05-25,Variance,3.2589500687569403e-5,NN,OMI
2019-05-25,p,0.9999999999991166,NN,OMI
2019-05-26,Moran_I_statistic,-0.00866954500919167,NN,OMI
2019-05-26,Expectation,-0.010752688172043012,NN,OMI
2019-05-26,Variance,3.4880628913780623e-5,NN,OMI
2019-05-26,p,0.3621501324455665,NN,OMI
2019-05-27,Moran_I_statistic,-0.05844410032769417,NN,OMI
2019-05-27,Expectation,-0.010752688172043012,NN,OMI
2019-05-27,Variance,3.9431502210325324e-5,NN,OMI
2019-05-27,p,0.9999999999999846,NN,OMI
2019-05-28,Moran_I_statistic,-0.0066121629462325745,NN,OMI
2019-05-28,Expectation,-0.010752688172043012,NN,OMI
2019-05-28,Variance,2.9262392436565278e-5,NN,OMI
2019-05-28,p,0.22201036919963596,NN,OMI
2019-05-29,Moran_I_statistic,-0.02255029693075581,NN,OMI
2019-05-29,Expectation,-0.010638297872340425,NN,OMI
2019-05-29,Variance,3.380420968652589e-5,NN,OMI
2019-05-29,p,0.9797590909195617,NN,OMI
2019-05-30,Moran_I_statistic,-0.015372263773761271,NN,OMI
2019-05-30,Expectation,-0.010638297872340425,NN,OMI
2019-05-30,Variance,3.7974563521130014e-5,NN,OMI
2019-05-30,p,0.7788181390954898,NN,OMI
2019-05-31,Moran_I_statistic,-0.011636089887039095,NN,OMI
2019-05-31,Expectation,-0.010638297872340425,NN,OMI
2019-05-31,Variance,3.451085151206246e-5,NN,OMI
2019-05-31,p,0.5674354306044166,NN,OMI
2019-06-01,Moran_I_statistic,-0.016607943344306084,NN,OMI
2019-06-01,Expectation,-0.010638297872340425,NN,OMI
2019-06-01,Variance,3.634772607550844e-5,NN,OMI
2019-06-01,p,0.8389545683521442,NN,OMI
2019-06-02,Moran_I_statistic,-0.020427865652143704,NN,OMI
2019-06-02,Expectation,-0.010638297872340425,NN,OMI
2019-06-02,Variance,3.78068331858842e-5,NN,OMI
2019-06-02,p,0.944322185909079,NN,OMI
2019-06-03,Moran_I_statistic,-0.03398469854717057,NN,OMI
2019-06-03,Expectation,-0.010752688172043012,NN,OMI
2019-06-03,Variance,3.591896221678751e-5,NN,OMI
2019-06-03,p,0.9999469861677269,NN,OMI
2019-06-04,Moran_I_statistic,-0.03885764648354217,NN,OMI
2019-06-04,Expectation,-0.010869565217391304,NN,OMI
2019-06-04,Variance,3.3935308579743266e-5,NN,OMI
2019-06-04,p,0.9999992242647741,NN,OMI
2019-06-05,Moran_I_statistic,-0.01537752524165303,NN,OMI
2019-06-05,Expectation,-0.010869565217391304,NN,OMI
2019-06-05,Variance,4.145334528695983e-5,NN,OMI
2019-06-05,p,0.7580877996746893,NN,OMI
2019-06-06,Moran_I_statistic,-0.05603793599632316,NN,OMI
2019-06-06,Expectation,-0.010638297872340425,NN,OMI
2019-06-06,Variance,3.7346425598681004e-5,NN,OMI
2019-06-06,p,0.9999999999999453,NN,OMI
2019-06-07,Moran_I_statistic,-0.02337960350398308,NN,OMI
2019-06-07,Expectation,-0.010638297872340425,NN,OMI
2019-06-07,Variance,3.429810672679964e-5,NN,OMI
2019-06-07,p,0.9852073726352741,NN,OMI
2019-06-08,Moran_I_statistic,-0.041647123052160936,NN,OMI
2019-06-08,Expectation,-0.010752688172043012,NN,OMI
2019-06-08,Variance,4.148201899608095e-5,NN,OMI
2019-06-08,p,0.9999991938401585,NN,OMI
2019-06-09,Moran_I_statistic,-0.013694083883599873,NN,OMI
2019-06-09,Expectation,-0.010638297872340425,NN,OMI
2019-06-09,Variance,4.002885605217243e-5,NN,OMI
2019-06-09,p,0.6854478749116995,NN,OMI
2019-06-10,Moran_I_statistic,-0.01437011618843352,NN,OMI
2019-06-10,Expectation,-0.010869565217391304,NN,OMI
2019-06-10,Variance,4.261995809503832e-5,NN,OMI
2019-06-10,p,0.7040911501163961,NN,OMI
2019-06-11,Moran_I_statistic,-0.016162212234388743,NN,OMI
2019-06-11,Expectation,-0.010869565217391304,NN,OMI
2019-06-11,Variance,4.152973987737096e-5,NN,OMI
2019-06-11,p,0.794257720442202,NN,OMI
2019-06-12,Moran_I_statistic,-0.015699353218479088,NN,OMI
2019-06-12,Expectation,-0.010752688172043012,NN,OMI
2019-06-12,Variance,4.086493985085793e-5,NN,OMI
2019-06-12,p,0.7804798616271609,NN,OMI
2019-06-13,Moran_I_statistic,-0.01104605729906228,NN,OMI
2019-06-13,Expectation,-0.010869565217391304,NN,OMI
2019-06-13,Variance,2.7213590310629912e-5,NN,OMI
2019-06-13,p,0.5134945847599461,NN,OMI
2019-06-14,Moran_I_statistic,-0.058780101446372884,NN,OMI
2019-06-14,Expectation,-0.010752688172043012,NN,OMI
2019-06-14,Variance,3.4215997567691345e-5,NN,OMI
2019-06-14,p,0.9999999999999999,NN,OMI
2019-06-15,Moran_I_statistic,-0.010580489885818493,NN,OMI
2019-06-15,Expectation,-0.010752688172043012,NN,OMI
2019-06-15,Variance,4.1082399045014586e-5,NN,OMI
2019-06-15,p,0.4892833573055653,NN,OMI
2019-06-16,Moran_I_statistic,-0.016924064250721002,NN,OMI
2019-06-16,Expectation,-0.010752688172043012,NN,OMI
2019-06-16,Variance,4.103444060584985e-5,NN,OMI
2019-06-16,p,0.8323272056270554,NN,OMI
2019-06-17,Moran_I_statistic,-0.011877069817701088,NN,OMI
2019-06-17,Expectation,-0.010752688172043012,NN,OMI
2019-06-17,Variance,3.98316854300144e-5,NN,OMI
2019-06-17,p,0.5706995994070754,NN,OMI
2019-06-18,Moran_I_statistic,-0.013600042651454848,NN,OMI
2019-06-18,Expectation,-0.010752688172043012,NN,OMI
2019-06-18,Variance,2.451931077159139e-5,NN,OMI
2019-06-18,p,0.7173631106517081,NN,OMI
2019-06-19,Moran_I_statistic,-0.014248396023460575,NN,OMI
2019-06-19,Expectation,-0.01098901098901099,NN,OMI
2019-06-19,Variance,4.230022365720048e-5,NN,OMI
2019-06-19,p,0.6918658396890265,NN,OMI
2019-06-20,Moran_I_statistic,-0.019914724421293467,NN,OMI
2019-06-20,Expectation,-0.010869565217391304,NN,OMI
2019-06-20,Variance,4.1561420994993956e-5,NN,OMI
2019-06-20,p,0.9196980108927959,NN,OMI
2019-06-21,Moran_I_statistic,-0.025570689693872946,NN,OMI
2019-06-21,Expectation,-0.010869565217391304,NN,OMI
2019-06-21,Variance,4.115367438235686e-5,NN,OMI
2019-06-21,p,0.9890367648253653,NN,OMI
2019-06-22,Moran_I_statistic,-0.020071284101467572,NN,OMI
2019-06-22,Expectation,-0.010752688172043012,NN,OMI
2019-06-22,Variance,4.1400933179179156e-5,NN,OMI
2019-06-22,p,0.9262273026323684,NN,OMI
2019-06-23,Moran_I_statistic,-0.010783663081640317,NN,OMI
2019-06-23,Expectation,-0.010752688172043012,NN,OMI
2019-06-23,Variance,4.053398220579551e-5,NN,OMI
2019-06-23,p,0.5019409250438733,NN,OMI
2019-06-24,Moran_I_statistic,-0.022362655165376912,NN,OMI
2019-06-24,Expectation,-0.010638297872340425,NN,OMI
2019-06-24,Variance,3.970677870403523e-5,NN,OMI
2019-06-24,p,0.9686007778084,NN,OMI
2019-06-25,Moran_I_statistic,-0.02519488441141879,NN,OMI
2019-06-25,Expectation,-0.010638297872340425,NN,OMI
2019-06-25,Variance,3.9462052229007776e-5,NN,OMI
2019-06-25,p,0.9897544798152464,NN,OMI
2019-06-26,Moran_I_statistic,-0.03292507075077548,NN,OMI
2019-06-26,Expectation,-0.010638297872340425,NN,OMI
2019-06-26,Variance,3.867908404929968e-5,NN,OMI
2019-06-26,p,0.9998304986602503,NN,OMI
2019-06-27,Moran_I_statistic,-0.029836299308071104,NN,OMI
2019-06-27,Expectation,-0.010752688172043012,NN,OMI
2019-06-27,Variance,3.923517458579309e-5,NN,OMI
2019-06-27,p,0.9988429704250481,NN,OMI
2019-06-28,Moran_I_statistic,-0.011822797848642359,NN,OMI
2019-06-28,Expectation,-0.010638297872340425,NN,OMI
2019-06-28,Variance,3.831827138681536e-5,NN,OMI
2019-06-28,p,0.5758749322108458,NN,OMI
2019-06-29,Moran_I_statistic,-0.044550028255590096,NN,OMI
2019-06-29,Expectation,-0.010752688172043012,NN,OMI
2019-06-29,Variance,4.089280694573635e-5,NN,OMI
2019-06-29,p,0.999999937206378,NN,OMI
2019-06-30,Moran_I_statistic,-0.045944301424295085,NN,OMI
2019-06-30,Expectation,-0.010752688172043012,NN,OMI
2019-06-30,Variance,4.056684253397101e-5,NN,OMI
2019-06-30,p,0.9999999835511162,NN,OMI
2019-07-01,Moran_I_statistic,-0.03479997248889904,NN,OMI
2019-07-01,Expectation,-0.010869565217391304,NN,OMI
2019-07-01,Variance,4.030014196122999e-5,NN,OMI
2019-07-01,p,0.9999182496652023,NN,OMI
2019-07-02,Moran_I_statistic,-0.04375422785746175,NN,OMI
2019-07-02,Expectation,-0.010752688172043012,NN,OMI
2019-07-02,Variance,3.72141167966971e-5,NN,OMI
2019-07-02,p,0.9999999684505148,NN,OMI
2019-07-03,Moran_I_statistic,-0.025757785001908465,NN,OMI
2019-07-03,Expectation,-0.010638297872340425,NN,OMI
2019-07-03,Variance,3.648462104912845e-5,NN,OMI
2019-07-03,p,0.9938448572159493,NN,OMI
2019-07-04,Moran_I_statistic,-0.05470101998946573,NN,OMI
2019-07-04,Expectation,-0.010638297872340425,NN,OMI
2019-07-04,Variance,3.813564814421423e-5,NN,OMI
2019-07-04,p,0.9999999999995167,NN,OMI
2019-07-05,Moran_I_statistic,-0.0594039709533245,NN,OMI
2019-07-05,Expectation,-0.010638297872340425,NN,OMI
2019-07-05,Variance,3.904588603330703e-5,NN,OMI
2019-07-05,p,0.999999999999997,NN,OMI
2019-07-06,Moran_I_statistic,-0.08970703247038574,NN,OMI
2019-07-06,Expectation,-0.010638297872340425,NN,OMI
2019-07-06,Variance,3.810757039833675e-5,NN,OMI
2019-07-06,p,1,NN,OMI
2019-07-07,Moran_I_statistic,-0.04738984335761754,NN,OMI
2019-07-07,Expectation,-0.010638297872340425,NN,OMI
2019-07-07,Variance,3.9794619085905863e-5,NN,OMI
2019-07-07,p,0.9999999971598111,NN,OMI
2019-07-08,Moran_I_statistic,-0.004481275520273126,NN,OMI
2019-07-08,Expectation,-0.010638297872340425,NN,OMI
2019-07-08,Variance,3.879644396909753e-5,NN,OMI
2019-07-08,p,0.16145497774491147,NN,OMI
2019-07-09,Moran_I_statistic,-0.007135309163150028,NN,OMI
2019-07-09,Expectation,-0.010638297872340425,NN,OMI
2019-07-09,Variance,3.7775088485088895e-5,NN,OMI
2019-07-09,p,0.2843561462656162,NN,OMI
2019-07-10,Moran_I_statistic,-0.014604549243098968,NN,OMI
2019-07-10,Expectation,-0.010638297872340425,NN,OMI
2019-07-10,Variance,3.8321236450067684e-5,NN,OMI
2019-07-10,p,0.7391439513003193,NN,OMI
2019-07-11,Moran_I_statistic,-0.07048222909532934,NN,OMI
2019-07-11,Expectation,-0.010638297872340425,NN,OMI
2019-07-11,Variance,4.0182964741113374e-5,NN,OMI
2019-07-11,p,1,NN,OMI
2019-07-12,Moran_I_statistic,-0.02432832722233872,NN,OMI
2019-07-12,Expectation,-0.010638297872340425,NN,OMI
2019-07-12,Variance,4.0349416568494776e-5,NN,OMI
2019-07-12,p,0.9844265515798756,NN,OMI
2019-07-13,Moran_I_statistic,-0.017073314350410904,NN,OMI
2019-07-13,Expectation,-0.010638297872340425,NN,OMI
2019-07-13,Variance,3.9234052928749705e-5,NN,OMI
2019-07-13,p,0.8478719626677386,NN,OMI
2019-07-14,Moran_I_statistic,-0.0075600987804802485,NN,OMI
2019-07-14,Expectation,-0.010638297872340425,NN,OMI
2019-07-14,Variance,4.013515373159224e-5,NN,OMI
2019-07-14,p,0.3135240552050711,NN,OMI
2019-07-15,Moran_I_statistic,-0.027993883102705893,NN,OMI
2019-07-15,Expectation,-0.010638297872340425,NN,OMI
2019-07-15,Variance,3.888290679775983e-5,NN,OMI
2019-07-15,p,0.9973095423651024,NN,OMI
2019-07-16,Moran_I_statistic,-0.032366055489622986,NN,OMI
2019-07-16,Expectation,-0.010869565217391304,NN,OMI
2019-07-16,Variance,4.078171775051667e-5,NN,OMI
2019-07-16,p,0.9996188880819742,NN,OMI
2019-07-17,Moran_I_statistic,-0.019017867995293165,NN,OMI
2019-07-17,Expectation,-0.010638297872340425,NN,OMI
2019-07-17,Variance,3.9764459274769604e-5,NN,OMI
2019-07-17,p,0.9080503793781847,NN,OMI
2019-07-18,Moran_I_statistic,-0.035783682187198476,NN,OMI
2019-07-18,Expectation,-0.010752688172043012,NN,OMI
2019-07-18,Variance,4.119626646147721e-5,NN,OMI
2019-07-18,p,0.9999518761051028,NN,OMI
2019-07-19,Moran_I_statistic,-0.006438645206877261,NN,OMI
2019-07-19,Expectation,-0.010752688172043012,NN,OMI
2019-07-19,Variance,2.8188397181800953e-5,NN,OMI
2019-07-19,p,0.20823849402523922,NN,OMI
2019-07-20,Moran_I_statistic,-0.02630421756718033,NN,OMI
2019-07-20,Expectation,-0.010752688172043012,NN,OMI
2019-07-20,Variance,3.9398088098286686e-5,NN,OMI
2019-07-20,p,0.9933869919435111,NN,OMI
2019-07-21,Moran_I_statistic,-0.04049460165467461,NN,OMI
2019-07-21,Expectation,-0.010869565217391304,NN,OMI
2019-07-21,Variance,4.173667294046332e-5,NN,OMI
2019-07-21,p,0.9999977370132639,NN,OMI
2019-07-22,Moran_I_statistic,-0.018617927171965358,NN,OMI
2019-07-22,Expectation,-0.01098901098901099,NN,OMI
2019-07-22,Variance,4.382172332146532e-5,NN,OMI
2019-07-22,p,0.8754297314481825,NN,OMI
2019-07-23,Moran_I_statistic,-0.034423864237888686,NN,OMI
2019-07-23,Expectation,-0.01098901098901099,NN,OMI
2019-07-23,Variance,4.246941114987034e-5,NN,OMI
2019-07-23,p,0.9998384488983815,NN,OMI
2019-07-24,Moran_I_statistic,-0.02065991757949663,NN,OMI
2019-07-24,Expectation,-0.010752688172043012,NN,OMI
2019-07-24,Variance,4.06933085040227e-5,NN,OMI
2019-07-24,p,0.9397966607228582,NN,OMI
2019-07-25,Moran_I_statistic,-0.005841394565527167,NN,OMI
2019-07-25,Expectation,-0.010869565217391304,NN,OMI
2019-07-25,Variance,4.223839976544541e-5,NN,OMI
2019-07-25,p,0.21956270658581006,NN,OMI
2019-07-26,Moran_I_statistic,-0.016539866007340403,NN,OMI
2019-07-26,Expectation,-0.010869565217391304,NN,OMI
2019-07-26,Variance,4.1976315034565484e-5,NN,OMI
2019-07-26,p,0.8092656077701813,NN,OMI
2019-07-27,Moran_I_statistic,-0.03646082688493983,NN,OMI
2019-07-27,Expectation,-0.010752688172043012,NN,OMI
2019-07-27,Variance,4.0823715682115796e-5,NN,OMI
2019-07-27,p,0.9999713418991589,NN,OMI
2019-07-28,Moran_I_statistic,-0.030692749412044355,NN,OMI
2019-07-28,Expectation,-0.010752688172043012,NN,OMI
2019-07-28,Variance,4.13752314162234e-5,NN,OMI
2019-07-28,p,0.9990322703005221,NN,OMI
2019-07-29,Moran_I_statistic,-0.024205232506908973,NN,OMI
2019-07-29,Expectation,-0.010752688172043012,NN,OMI
2019-07-29,Variance,4.094613615985124e-5,NN,OMI
2019-07-29,p,0.9822371923767117,NN,OMI
2019-07-30,Moran_I_statistic,-0.06790586029203328,NN,OMI
2019-07-30,Expectation,-0.010752688172043012,NN,OMI
2019-07-30,Variance,4.108907127735869e-5,NN,OMI
2019-07-30,p,1,NN,OMI
2019-07-31,Moran_I_statistic,-0.02938127830611347,NN,OMI
2019-07-31,Expectation,-0.010638297872340425,NN,OMI
2019-07-31,Variance,3.974623863342564e-5,NN,OMI
2019-07-31,p,0.9985253371411857,NN,OMI
2019-08-01,Moran_I_statistic,-0.0038226188420071453,NN,OMI
2019-08-01,Expectation,-0.010638297872340425,NN,OMI
2019-08-01,Variance,4.037776052257013e-5,NN,OMI
2019-08-01,p,0.1417251885033019,NN,OMI
2019-08-02,Moran_I_statistic,-0.012799588585510353,NN,OMI
2019-08-02,Expectation,-0.010752688172043012,NN,OMI
2019-08-02,Variance,4.0191559662980194e-5,NN,OMI
2019-08-02,p,0.6266035991515844,NN,OMI
2019-08-03,Moran_I_statistic,-0.04882167821901845,NN,OMI
2019-08-03,Expectation,-0.010638297872340425,NN,OMI
2019-08-03,Variance,3.7840335317052774e-5,NN,OMI
2019-08-03,p,0.9999999997303434,NN,OMI
2019-08-04,Moran_I_statistic,-0.021342140176310132,NN,OMI
2019-08-04,Expectation,-0.010638297872340425,NN,OMI
2019-08-04,Variance,3.948510237120772e-5,NN,OMI
2019-08-04,p,0.9557557375321356,NN,OMI
2019-08-05,Moran_I_statistic,-0.007414258258326625,NN,OMI
2019-08-05,Expectation,-0.010752688172043012,NN,OMI
2019-08-05,Variance,3.929229862540007e-5,NN,OMI
2019-08-05,p,0.29716060756118506,NN,OMI
2019-08-06,Moran_I_statistic,-0.011992146848986657,NN,OMI
2019-08-06,Expectation,-0.010869565217391304,NN,OMI
2019-08-06,Variance,4.183609539140185e-5,NN,OMI
2019-08-06,p,0.5688932212792548,NN,OMI
2019-08-07,Moran_I_statistic,-0.01398982338992785,NN,OMI
2019-08-07,Expectation,-0.010752688172043012,NN,OMI
2019-08-07,Variance,4.146248679617972e-5,NN,OMI
2019-08-07,p,0.6924222774662603,NN,OMI
2019-08-08,Moran_I_statistic,-0.01727323252723289,NN,OMI
2019-08-08,Expectation,-0.010752688172043012,NN,OMI
2019-08-08,Variance,4.164596000353305e-5,NN,OMI
2019-08-08,p,0.8438504274049604,NN,OMI
2019-08-09,Moran_I_statistic,-0.021026937137986822,NN,OMI
2019-08-09,Expectation,-0.010869565217391304,NN,OMI
2019-08-09,Variance,4.154107576938439e-5,NN,OMI
2019-08-09,p,0.9424813578797152,NN,OMI
2019-08-10,Moran_I_statistic,-0.0795090988445143,NN,OMI
2019-08-10,Expectation,-0.010869565217391304,NN,OMI
2019-08-10,Variance,3.935529930515705e-5,NN,OMI
2019-08-10,p,1,NN,OMI
2019-08-11,Moran_I_statistic,-0.03373249972072857,NN,OMI
2019-08-11,Expectation,-0.010752688172043012,NN,OMI
2019-08-11,Variance,4.10092021972934e-5,NN,OMI
2019-08-11,p,0.9998336693339471,NN,OMI
2019-08-12,Moran_I_statistic,-0.05379884383296165,NN,OMI
2019-08-12,Expectation,-0.010869565217391304,NN,OMI
2019-08-12,Variance,4.230668742029225e-5,NN,OMI
2019-08-12,p,0.999999999979453,NN,OMI
2019-08-13,Moran_I_statistic,-0.04515963796405419,NN,OMI
2019-08-13,Expectation,-0.010752688172043012,NN,OMI
2019-08-13,Variance,4.051738786606413e-5,NN,OMI
2019-08-13,p,0.999999967662689,NN,OMI
2019-08-14,Moran_I_statistic,-0.1088796676566124,NN,OMI
2019-08-14,Expectation,-0.010752688172043012,NN,OMI
2019-08-14,Variance,4.0931177605204176e-5,NN,OMI
2019-08-14,p,1,NN,OMI
2019-08-15,Moran_I_statistic,-0.097722890057222,NN,OMI
2019-08-15,Expectation,-0.010752688172043012,NN,OMI
2019-08-15,Variance,4.140284594959905e-5,NN,OMI
2019-08-15,p,1,NN,OMI
2019-08-16,Moran_I_statistic,-0.021701600814677535,NN,OMI
2019-08-16,Expectation,-0.010752688172043012,NN,OMI
2019-08-16,Variance,3.9083948801398686e-5,NN,OMI
2019-08-16,p,0.9600567725573983,NN,OMI
2019-08-17,Moran_I_statistic,-0.008457761395445516,NN,OMI
2019-08-17,Expectation,-0.010638297872340425,NN,OMI
2019-08-17,Variance,3.9977315329021344e-5,NN,OMI
2019-08-17,p,0.3650957163591675,NN,OMI
2019-08-18,Moran_I_statistic,-0.07008803278384239,NN,OMI
2019-08-18,Expectation,-0.010638297872340425,NN,OMI
2019-08-18,Variance,3.803404362903934e-5,NN,OMI
2019-08-18,p,1,NN,OMI
2019-08-19,Moran_I_statistic,-0.02428969841096288,NN,OMI
2019-08-19,Expectation,-0.01098901098901099,NN,OMI
2019-08-19,Variance,4.175548560357746e-5,NN,OMI
2019-08-19,p,0.9802212928969981,NN,OMI
2019-08-20,Moran_I_statistic,-0.05679213905131713,NN,OMI
2019-08-20,Expectation,-0.01098901098901099,NN,OMI
2019-08-20,Variance,4.272059501485661e-5,NN,OMI
2019-08-20,p,0.9999999999987887,NN,OMI
2019-08-21,Moran_I_statistic,-0.021435182294198492,NN,OMI
2019-08-21,Expectation,-0.010869565217391304,NN,OMI
2019-08-21,Variance,4.188668670677696e-5,NN,OMI
2019-08-21,p,0.9487143536753905,NN,OMI
2019-08-22,Moran_I_statistic,-0.015097662534534368,NN,OMI
2019-08-22,Expectation,-0.010638297872340425,NN,OMI
2019-08-22,Variance,3.0168398616645646e-5,NN,OMI
2019-08-22,p,0.7915724447945329,NN,OMI
2019-08-23,Moran_I_statistic,-0.03641139322785456,NN,OMI
2019-08-23,Expectation,-0.010638297872340425,NN,OMI
2019-08-23,Variance,4.0091393622285556e-5,NN,OMI
2019-08-23,p,0.9999765374534256,NN,OMI
2019-08-24,Moran_I_statistic,-0.010305354830460248,NN,OMI
2019-08-24,Expectation,-0.010638297872340425,NN,OMI
2019-08-24,Variance,4.0314891006904767e-5,NN,OMI
2019-08-24,p,0.4790902771981175,NN,OMI
2019-08-25,Moran_I_statistic,-0.04700492075815914,NN,OMI
2019-08-25,Expectation,-0.010638297872340425,NN,OMI
2019-08-25,Variance,4.022618999120013e-5,NN,OMI
2019-08-25,p,0.9999999950920311,NN,OMI
2019-08-26,Moran_I_statistic,-0.04311204949531871,NN,OMI
2019-08-26,Expectation,-0.01098901098901099,NN,OMI
2019-08-26,Variance,3.6090702257630995e-5,NN,OMI
2019-08-26,p,0.9999999553146408,NN,OMI
2019-08-27,Moran_I_statistic,-0.058257359803102864,NN,OMI
2019-08-27,Expectation,-0.010869565217391304,NN,OMI
2019-08-27,Variance,4.205796720152836e-5,NN,OMI
2019-08-27,p,0.9999999999998634,NN,OMI
2019-08-28,Moran_I_statistic,-0.04771733774872682,NN,OMI
2019-08-28,Expectation,-0.010869565217391304,NN,OMI
2019-08-28,Variance,4.2001750198634096e-5,NN,OMI
2019-08-28,p,0.9999999934829118,NN,OMI
2019-08-29,Moran_I_statistic,-0.005039000143552523,NN,OMI
2019-08-29,Expectation,-0.010752688172043012,NN,OMI
2019-08-29,Variance,4.117203102584886e-5,NN,OMI
2019-08-29,p,0.18660893896248226,NN,OMI
2019-08-30,Moran_I_statistic,-0.0085095862251374655,NN,OMI
2019-08-30,Expectation,-0.010752688172043012,NN,OMI
2019-08-30,Variance,4.1320109914823476e-5,NN,OMI
2019-08-30,p,0.36356189265691874,NN,OMI
2019-08-31,Moran_I_statistic,-0.02104843728766223,NN,OMI
2019-08-31,Expectation,-0.010638297872340425,NN,OMI
2019-08-31,Variance,3.9624452266174935e-5,NN,OMI
2019-08-31,p,0.9509127959197589,NN,OMI
2019-09-01,Moran_I_statistic,-0.024826750820191798,NN,OMI
2019-09-01,Expectation,-0.010638297872340425,NN,OMI
2019-09-01,Variance,4.0437929464028115e-5,NN,OMI
2019-09-01,p,0.9871664131044563,NN,OMI
2019-09-02,Moran_I_statistic,-0.025524783727170118,NN,OMI
2019-09-02,Expectation,-0.010752688172043012,NN,OMI
2019-09-02,Variance,4.155323260623629e-5,NN,OMI
2019-09-02,p,0.9890357674416678,NN,OMI
2019-09-03,Moran_I_statistic,-0.08114772519698675,NN,OMI
2019-09-03,Expectation,-0.010869565217391304,NN,OMI
2019-09-03,Variance,4.2568039407989936e-5,NN,OMI
2019-09-03,p,1,NN,OMI
2019-09-04,Moran_I_statistic,-0.060422335176915545,NN,OMI
2019-09-04,Expectation,-0.010869565217391304,NN,OMI
2019-09-04,Variance,4.1654752773229945e-5,NN,OMI
2019-09-04,p,0.9999999999999919,NN,OMI
2019-09-05,Moran_I_statistic,-0.042098106975084065,NN,OMI
2019-09-05,Expectation,-0.011111111111111112,NN,OMI
2019-09-05,Variance,4.409528159046304e-5,NN,OMI
2019-09-05,p,0.9999984675026117,NN,OMI
2019-09-06,Moran_I_statistic,-0.031172555318428104,NN,OMI
2019-09-06,Expectation,-0.010869565217391304,NN,OMI
2019-09-06,Variance,4.146732509015795e-5,NN,OMI
2019-09-06,p,0.9991916497114524,NN,OMI
2019-09-07,Moran_I_statistic,-0.006806273839316286,NN,OMI
2019-09-07,Expectation,-0.010752688172043012,NN,OMI
2019-09-07,Variance,4.0681017970198e-5,NN,OMI
2019-09-07,p,0.2680444932902903,NN,OMI
2019-09-08,Moran_I_statistic,-0.020261998065662385,NN,OMI
2019-09-08,Expectation,-0.010638297872340425,NN,OMI
2019-09-08,Variance,3.875092882853304e-5,NN,OMI
2019-09-08,p,0.9389440781586313,NN,OMI
2019-09-09,Moran_I_statistic,-0.007517553002608729,NN,OMI
2019-09-09,Expectation,-0.010869565217391304,NN,OMI
2019-09-09,Variance,4.187941984262826e-5,NN,OMI
2019-09-09,p,0.302239326878901,NN,OMI
2019-09-10,Moran_I_statistic,-0.04013146590294386,NN,OMI
2019-09-10,Expectation,-0.010752688172043012,NN,OMI
2019-09-10,Variance,4.135339746063028e-5,NN,OMI
2019-09-10,p,0.9999975444187753,NN,OMI
2019-09-11,Moran_I_statistic,-0.07502480592247177,NN,OMI
2019-09-11,Expectation,-0.010752688172043012,NN,OMI
2019-09-11,Variance,4.141649942899634e-5,NN,OMI
2019-09-11,p,1,NN,OMI
2019-09-12,Moran_I_statistic,-0.031628339504880275,NN,OMI
2019-09-12,Expectation,-0.010869565217391304,NN,OMI
2019-09-12,Variance,4.221940492065915e-5,NN,OMI
2019-09-12,p,0.9993003963971773,NN,OMI
2019-09-13,Moran_I_statistic,-0.022835855195299723,NN,OMI
2019-09-13,Expectation,-0.011111111111111112,NN,OMI
2019-09-13,Variance,4.437797041578954e-5,NN,OMI
2019-09-13,p,0.960798496848531,NN,OMI
2019-09-14,Moran_I_statistic,-0.02431098827571327,NN,OMI
2019-09-14,Expectation,-0.010869565217391304,NN,OMI
2019-09-14,Variance,4.205662780338429e-5,NN,OMI
2019-09-14,p,0.9808980248565632,NN,OMI
2019-09-15,Moran_I_statistic,-0.008620421787443948,NN,OMI
2019-09-15,Expectation,-0.01098901098901099,NN,OMI
2019-09-15,Variance,4.2885603518900023e-5,NN,OMI
2019-09-15,p,0.35879263449043874,NN,OMI
2019-09-16,Moran_I_statistic,-0.047637007120949273,NN,OMI
2019-09-16,Expectation,-0.01098901098901099,NN,OMI
2019-09-16,Variance,4.202731602985301e-5,NN,OMI
2019-09-16,p,0.9999999921196709,NN,OMI
2019-09-17,Moran_I_statistic,-0.020869031907720034,NN,OMI
2019-09-17,Expectation,-0.011111111111111112,NN,OMI
2019-09-17,Variance,4.352704173273336e-5,NN,OMI
2019-09-17,p,0.9304341835444194,NN,OMI
2019-09-18,Moran_I_statistic,-0.02653573501989536,NN,OMI
2019-09-18,Expectation,-0.011111111111111112,NN,OMI
2019-09-18,Variance,4.366224138626162e-5,NN,OMI
2019-09-18,p,0.9902106797277075,NN,OMI
2019-09-19,Moran_I_statistic,-0.034466555962875636,NN,OMI
2019-09-19,Expectation,-0.01098901098901099,NN,OMI
2019-09-19,Variance,4.3116654153463546e-5,NN,OMI
2019-09-19,p,0.9998251839544396,NN,OMI
2019-09-20,Moran_I_statistic,-0.015067248185743464,NN,OMI
2019-09-20,Expectation,-0.010752688172043012,NN,OMI
2019-09-20,Variance,4.174029798308911e-5,NN,OMI
2019-09-20,p,0.7478754172208524,NN,OMI
2019-09-21,Moran_I_statistic,-0.049658530769909254,NN,OMI
2019-09-21,Expectation,-0.010752688172043012,NN,OMI
2019-09-21,Variance,4.0958871245385376e-5,NN,OMI
2019-09-21,p,0.9999999993957868,NN,OMI
2019-09-22,Moran_I_statistic,-0.07499176325167167,NN,OMI
2019-09-22,Expectation,-0.010869565217391304,NN,OMI
2019-09-22,Variance,4.1884096899411354e-5,NN,OMI
2019-09-22,p,1,NN,OMI
2019-09-23,Moran_I_statistic,-0.009470821343431022,NN,OMI
2019-09-23,Expectation,-0.01098901098901099,NN,OMI
2019-09-23,Variance,4.241429512759205e-5,NN,OMI
2019-09-23,p,0.4078361206896859,NN,OMI
2019-09-24,Moran_I_statistic,-0.02946108651669263,NN,OMI
2019-09-24,Expectation,-0.010869565217391304,NN,OMI
2019-09-24,Variance,4.267456738065058e-5,NN,OMI
2019-09-24,p,0.9977861838509272,NN,OMI
2019-09-25,Moran_I_statistic,-0.008306986464711686,NN,OMI
2019-09-25,Expectation,-0.010752688172043012,NN,OMI
2019-09-25,Variance,4.1387252003788986e-5,NN,OMI
2019-09-25,p,0.35191209933042145,NN,OMI
2019-09-26,Moran_I_statistic,-0.023315327007043998,NN,OMI
2019-09-26,Expectation,-0.010752688172043012,NN,OMI
2019-09-26,Variance,4.093548336335215e-5,NN,OMI
2019-09-26,p,0.975205949679798,NN,OMI
2019-09-27,Moran_I_statistic,-0.056102475388291065,NN,OMI
2019-09-27,Expectation,-0.010752688172043012,NN,OMI
2019-09-27,Variance,4.0563159825358634e-5,NN,OMI
2019-09-27,p,0.9999999999994622,NN,OMI
2019-09-28,Moran_I_statistic,-0.005301415004397521,NN,OMI
2019-09-28,Expectation,-0.010752688172043012,NN,OMI
2019-09-28,Variance,4.150978218157992e-5,NN,OMI
2019-09-28,p,0.19874792443631015,NN,OMI
2019-09-29,Moran_I_statistic,-0.00915571044774912,NN,OMI
2019-09-29,Expectation,-0.010752688172043012,NN,OMI
2019-09-29,Variance,4.1260116136829e-5,NN,OMI
2019-09-29,p,0.4018279055744611,NN,OMI
2019-09-30,Moran_I_statistic,-0.05277223544978386,NN,OMI
2019-09-30,Expectation,-0.010752688172043012,NN,OMI
2019-09-30,Variance,4.09919270962857e-5,NN,OMI
2019-09-30,p,0.9999999999736315,NN,OMI
2019-10-01,Moran_I_statistic,-0.11828513901712091,NN,OMI
2019-10-01,Expectation,-0.010869565217391304,NN,OMI
2019-10-01,Variance,4.2328738897346526e-5,NN,OMI
2019-10-01,p,1,NN,OMI
2019-10-02,Moran_I_statistic,-0.010644517224980615,NN,OMI
2019-10-02,Expectation,-0.010869565217391304,NN,OMI
2019-10-02,Variance,4.1304889749251337e-5,NN,OMI
2019-10-02,p,0.4860332380928805,NN,OMI
2019-10-03,Moran_I_statistic,-0.05212866873420517,NN,OMI
2019-10-03,Expectation,-0.010752688172043012,NN,OMI
2019-10-03,Variance,4.1013529488472566e-5,NN,OMI
2019-10-03,p,0.9999999999479166,NN,OMI
2019-10-04,Moran_I_statistic,-0.008323860662825013,NN,OMI
2019-10-04,Expectation,-0.010869565217391304,NN,OMI
2019-10-04,Variance,4.2699924893901286e-5,NN,OMI
2019-10-04,p,0.3484243046478309,NN,OMI
2019-10-05,Moran_I_statistic,-0.10515926817958283,NN,OMI
2019-10-05,Expectation,-0.010638297872340425,NN,OMI
2019-10-05,Variance,4.025019511246712e-5,NN,OMI
2019-10-05,p,1,NN,OMI
2019-10-06,Moran_I_statistic,-0.03872616903241056,NN,OMI
2019-10-06,Expectation,-0.010752688172043012,NN,OMI
2019-10-06,Variance,4.082790288993046e-5,NN,OMI
2019-10-06,p,0.9999940091768187,NN,OMI
2019-10-07,Moran_I_statistic,-0.024355676113262642,NN,OMI
2019-10-07,Expectation,-0.010869565217391304,NN,OMI
2019-10-07,Variance,4.145580219917913e-5,NN,OMI
2019-10-07,p,0.9818952081277191,NN,OMI
2019-10-08,Moran_I_statistic,-0.028370553060588007,NN,OMI
2019-10-08,Expectation,-0.010869565217391304,NN,OMI
2019-10-08,Variance,4.255999088463938e-5,NN,OMI
2019-10-08,p,0.9963477812130701,NN,OMI
2019-10-09,Moran_I_statistic,-0.030716403986561426,NN,OMI
2019-10-09,Expectation,-0.010752688172043012,NN,OMI
2019-10-09,Variance,4.123765653314298e-5,NN,OMI
2019-10-09,p,0.9990607924205727,NN,OMI
2019-10-10,Moran_I_statistic,-0.07109709056703567,NN,OMI
2019-10-10,Expectation,-0.01098901098901099,NN,OMI
2019-10-10,Variance,4.272580031817723e-5,NN,OMI
2019-10-10,p,1,NN,OMI
2019-10-11,Moran_I_statistic,-0.020952990417595303,NN,OMI
2019-10-11,Expectation,-0.010752688172043012,NN,OMI
2019-10-11,Variance,4.144704366544921e-5,NN,OMI
2019-10-11,p,0.9434492312176517,NN,OMI
2019-10-12,Moran_I_statistic,-0.037166638312119006,NN,OMI
2019-10-12,Expectation,-0.010869565217391304,NN,OMI
2019-10-12,Variance,4.1880018107891053e-5,NN,OMI
2019-10-12,p,0.9999758324436712,NN,OMI
2019-10-13,Moran_I_statistic,-0.006688245457360455,NN,OMI
2019-10-13,Expectation,-0.010869565217391304,NN,OMI
2019-10-13,Variance,4.304226244805539e-5,NN,OMI
2019-10-13,p,0.26195425281878326,NN,OMI
2019-10-14,Moran_I_statistic,-0.011631855422643401,NN,OMI
2019-10-14,Expectation,-0.01098901098901099,NN,OMI
2019-10-14,Variance,4.377822941638274e-5,NN,OMI
2019-10-14,p,0.5386993816654395,NN,OMI
2019-10-15,Moran_I_statistic,-0.03416552254612997,NN,OMI
2019-10-15,Expectation,-0.01098901098901099,NN,OMI
2019-10-15,Variance,4.3169608397404877e-5,NN,OMI
2019-10-15,p,0.999790196574132,NN,OMI
2019-10-16,Moran_I_statistic,-0.03462731693755585,NN,OMI
2019-10-16,Expectation,-0.011111111111111112,NN,OMI
2019-10-16,Variance,4.3788243062489306e-5,NN,OMI
2019-10-16,p,0.9998101195476972,NN,OMI
2019-10-17,Moran_I_statistic,-0.016338109663727906,NN,OMI
2019-10-17,Expectation,-0.011111111111111112,NN,OMI
2019-10-17,Variance,4.438215125465611e-5,NN,OMI
2019-10-17,p,0.783655882765518,NN,OMI
2019-10-18,Moran_I_statistic,-0.011923853699571763,NN,OMI
2019-10-18,Expectation,-0.010869565217391304,NN,OMI
2019-10-18,Variance,4.2626486783604834e-5,NN,OMI
2019-10-18,p,0.5641424581055818,NN,OMI
2019-10-19,Moran_I_statistic,-0.0384638991539756,NN,OMI
2019-10-19,Expectation,-0.010638297872340425,NN,OMI
2019-10-19,Variance,3.94292517877935e-5,NN,OMI
2019-10-19,p,0.999995317583565,NN,OMI
2019-10-20,Moran_I_statistic,-0.005672176462105281,NN,OMI
2019-10-20,Expectation,-0.010752688172043012,NN,OMI
2019-10-20,Variance,4.159083526202984e-5,NN,OMI
2019-10-20,p,0.21541074568436613,NN,OMI
2019-10-21,Moran_I_statistic,-0.04788376504388128,NN,OMI
2019-10-21,Expectation,-0.010752688172043012,NN,OMI
2019-10-21,Variance,4.135683620648885e-5,NN,OMI
2019-10-21,p,0.9999999961254878,NN,OMI
2019-10-22,Moran_I_statistic,-0.05360475353733727,NN,OMI
2019-10-22,Expectation,-0.010869565217391304,NN,OMI
2019-10-22,Variance,4.284673357304365e-5,NN,OMI
2019-10-22,p,0.9999999999668286,NN,OMI
2019-10-23,Moran_I_statistic,-0.011715425760693269,NN,OMI
2019-10-23,Expectation,-0.010752688172043012,NN,OMI
2019-10-23,Variance,4.0638718608568484e-5,NN,OMI
2019-10-23,p,0.5600205049621936,NN,OMI
2019-10-24,Moran_I_statistic,-0.01955082441359181,NN,OMI
2019-10-24,Expectation,-0.010869565217391304,NN,OMI
2019-10-24,Variance,4.229463002524431e-5,NN,OMI
2019-10-24,p,0.9090411220676837,NN,OMI
2019-10-25,Moran_I_statistic,-0.04950741488768316,NN,OMI
2019-10-25,Expectation,-0.010638297872340425,NN,OMI
2019-10-25,Variance,3.997427743437985e-5,NN,OMI
2019-10-25,p,0.9999999996069868,NN,OMI
2019-10-26,Moran_I_statistic,-0.0523187730720775,NN,OMI
2019-10-26,Expectation,-0.010638297872340425,NN,OMI
2019-10-26,Variance,4.0739332423677836e-5,NN,OMI
2019-10-26,p,0.9999999999671565,NN,OMI
2019-10-27,Moran_I_statistic,-0.05485646651317343,NN,OMI
2019-10-27,Expectation,-0.010752688172043012,NN,OMI
2019-10-27,Variance,4.172360136095911e-5,NN,OMI
2019-10-27,p,0.9999999999956906,NN,OMI
2019-10-28,Moran_I_statistic,-0.021319221317607003,NN,OMI
2019-10-28,Expectation,-0.010638297872340425,NN,OMI
2019-10-28,Variance,4.088778654251954e-5,NN,OMI
2019-10-28,p,0.9525766509485092,NN,OMI
2019-10-29,Moran_I_statistic,-0.024429416184804615,NN,OMI
2019-10-29,Expectation,-0.010638297872340425,NN,OMI
2019-10-29,Variance,4.094854349612914e-5,NN,OMI
2019-10-29,p,0.9844254851076313,NN,OMI
2019-10-30,Moran_I_statistic,-0.01110152316514917,NN,OMI
2019-10-30,Expectation,-0.010638297872340425,NN,OMI
2019-10-30,Variance,4.1063417694280324e-5,NN,OMI
2019-10-30,p,0.5288135440820739,NN,OMI
2019-10-31,Moran_I_statistic,-0.010069371757383995,NN,OMI
2019-10-31,Expectation,-0.010638297872340425,NN,OMI
2019-10-31,Variance,4.0695980408865626e-5,NN,OMI
2019-10-31,p,0.46446839819488367,NN,OMI
2019-11-01,Moran_I_statistic,-0.008983705725283985,NN,OMI
2019-11-01,Expectation,-0.010638297872340425,NN,OMI
2019-11-01,Variance,4.1041828942607334e-5,NN,OMI
2019-11-01,p,0.39809843277653295,NN,OMI
2019-11-02,Moran_I_statistic,-0.03526555054239856,NN,OMI
2019-11-02,Expectation,-0.010638297872340425,NN,OMI
2019-11-02,Variance,4.0579446881829236e-5,NN,OMI
2019-11-02,p,0.9999446846600974,NN,OMI
2019-11-03,Moran_I_statistic,-0.0687265443868177,NN,OMI
2019-11-03,Expectation,-0.010526315789473684,NN,OMI
2019-11-03,Variance,3.963314501824652e-5,NN,OMI
2019-11-03,p,1,NN,OMI
2019-11-04,Moran_I_statistic,-0.01105334428628987,NN,OMI
2019-11-04,Expectation,-0.010752688172043012,NN,OMI
2019-11-04,Variance,4.183833022014081e-5,NN,OMI
2019-11-04,p,0.5185368770996852,NN,OMI
2019-11-05,Moran_I_statistic,-0.02019408161469379,NN,OMI
2019-11-05,Expectation,-0.01098901098901099,NN,OMI
2019-11-05,Variance,4.3292740990730477e-5,NN,OMI
2019-11-05,p,0.9190944111363474,NN,OMI
2019-11-06,Moran_I_statistic,-0.011796921607992467,NN,OMI
2019-11-06,Expectation,-0.01098901098901099,NN,OMI
2019-11-06,Variance,4.3380724462054076e-5,NN,OMI
2019-11-06,p,0.5488131670582322,NN,OMI
2019-11-07,Moran_I_statistic,-0.028610679480537513,NN,OMI
2019-11-07,Expectation,-0.01098901098901099,NN,OMI
2019-11-07,Variance,4.2934946785039074e-5,NN,OMI
2019-11-07,p,0.9964200515225854,NN,OMI
2019-11-08,Moran_I_statistic,-0.02826969987035401,NN,OMI
2019-11-08,Expectation,-0.010638297872340425,NN,OMI
2019-11-08,Variance,4.01108856752505e-5,NN,OMI
2019-11-08,p,0.9973146314262966,NN,OMI
2019-11-09,Moran_I_statistic,-0.03958872192552567,NN,OMI
2019-11-09,Expectation,-0.010752688172043012,NN,OMI
2019-11-09,Variance,4.071024442015452e-5,NN,OMI
2019-11-09,p,0.999996899683718,NN,OMI
2019-11-10,Moran_I_statistic,-0.013003432777909836,NN,OMI
2019-11-10,Expectation,-0.010752688172043012,NN,OMI
2019-11-10,Variance,4.1952422213737206e-5,NN,OMI
2019-11-10,p,0.6358900037328317,NN,OMI
2019-11-11,Moran_I_statistic,-0.057935943308801766,NN,OMI
2019-11-11,Expectation,-0.010752688172043012,NN,OMI
2019-11-11,Variance,4.161765645723928e-5,NN,OMI
2019-11-11,p,0.9999999999998702,NN,OMI
2019-11-12,Moran_I_statistic,-0.036902101024123696,NN,OMI
2019-11-12,Expectation,-0.010869565217391304,NN,OMI
2019-11-12,Variance,4.0910826896915455e-5,NN,OMI
2019-11-12,p,0.9999764962075657,NN,OMI
2019-11-13,Moran_I_statistic,-0.1076960351928995,NN,OMI
2019-11-13,Expectation,-0.010752688172043012,NN,OMI
2019-11-13,Variance,4.117412387101296e-5,NN,OMI
2019-11-13,p,1,NN,OMI
2019-11-14,Moran_I_statistic,-0.02906856289130924,NN,OMI
2019-11-14,Expectation,-0.010752688172043012,NN,OMI
2019-11-14,Variance,4.119615184464859e-5,NN,OMI
2019-11-14,p,0.9978389329828014,NN,OMI
2019-11-15,Moran_I_statistic,-0.06136945043814437,NN,OMI
2019-11-15,Expectation,-0.010638297872340425,NN,OMI
2019-11-15,Variance,4.020951827300926e-5,NN,OMI
2019-11-15,p,0.9999999999999993,NN,OMI
2019-11-16,Moran_I_statistic,-0.020894419679481413,NN,OMI
2019-11-16,Expectation,-0.010526315789473684,NN,OMI
2019-11-16,Variance,3.947095719083949e-5,NN,OMI
2019-11-16,p,0.9505582760848231,NN,OMI
2019-11-17,Moran_I_statistic,-0.022199858977292947,NN,OMI
2019-11-17,Expectation,-0.010638297872340425,NN,OMI
2019-11-17,Variance,4.065209598142462e-5,NN,OMI
2019-11-17,p,0.965108938779744,NN,OMI
2019-11-18,Moran_I_statistic,-0.07362976018394751,NN,OMI
2019-11-18,Expectation,-0.010638297872340425,NN,OMI
2019-11-18,Variance,3.926340554593534e-5,NN,OMI
2019-11-18,p,1,NN,OMI
2019-11-19,Moran_I_statistic,-0.05672564927882632,NN,OMI
2019-11-19,Expectation,-0.010638297872340425,NN,OMI
2019-11-19,Variance,4.051608098542983e-5,NN,OMI
2019-11-19,p,0.9999999999997765,NN,OMI
2019-11-20,Moran_I_statistic,-0.015060741458230732,NN,OMI
2019-11-20,Expectation,-0.010752688172043012,NN,OMI
2019-11-20,Variance,4.0648826761055824e-5,NN,OMI
2019-11-20,p,0.7503859831775543,NN,OMI
2019-11-21,Moran_I_statistic,-0.023177951204992803,NN,OMI
2019-11-21,Expectation,-0.010752688172043012,NN,OMI
2019-11-21,Variance,4.081940659741725e-5,NN,OMI
2019-11-21,p,0.9740997455476381,NN,OMI
2019-11-22,Moran_I_statistic,-0.03740188000288997,NN,OMI
2019-11-22,Expectation,-0.010752688172043012,NN,OMI
2019-11-22,Variance,3.992561095808227e-5,NN,OMI
2019-11-22,p,0.9999876503927133,NN,OMI
2019-11-23,Moran_I_statistic,-0.03324339099742419,NN,OMI
2019-11-23,Expectation,-0.010526315789473684,NN,OMI
2019-11-23,Variance,3.9606466644192214e-5,NN,OMI
2019-11-23,p,0.9998467157672939,NN,OMI
2019-11-24,Moran_I_statistic,-0.03304694792554597,NN,OMI
2019-11-24,Expectation,-0.010526315789473684,NN,OMI
2019-11-24,Variance,3.863863096871958e-5,NN,OMI
2019-11-24,p,0.9998544035598403,NN,OMI
2019-11-25,Moran_I_statistic,-0.017977914628112723,NN,OMI
2019-11-25,Expectation,-0.010638297872340425,NN,OMI
2019-11-25,Variance,3.951522111224679e-5,NN,OMI
2019-11-25,p,0.8785143456908309,NN,OMI
2019-11-26,Moran_I_statistic,-0.01066956120686058,NN,OMI
2019-11-26,Expectation,-0.010752688172043012,NN,OMI
2019-11-26,Variance,4.123995022227134e-5,NN,OMI
2019-11-26,p,0.4948360646441905,NN,OMI
2019-11-27,Moran_I_statistic,-0.030118212310029965,NN,OMI
2019-11-27,Expectation,-0.010869565217391304,NN,OMI
2019-11-27,Variance,4.282663731007051e-5,NN,OMI
2019-11-27,p,0.9983659502051546,NN,OMI
2019-11-28,Moran_I_statistic,-0.027567092647370842,NN,OMI
2019-11-28,Expectation,-0.010638297872340425,NN,OMI
2019-11-28,Variance,4.082391034399222e-5,NN,OMI
2019-11-28,p,0.9959698017986122,NN,OMI
2019-11-29,Moran_I_statistic,-0.023412054545662055,NN,OMI
2019-11-29,Expectation,-0.010638297872340425,NN,OMI
2019-11-29,Variance,4.062836833988156e-5,NN,OMI
2019-11-29,p,0.9774665098021554,NN,OMI
2019-11-30,Moran_I_statistic,-0.034395489400494056,NN,OMI
2019-11-30,Expectation,-0.010638297872340425,NN,OMI
2019-11-30,Variance,4.066562602439495e-5,NN,OMI
2019-11-30,p,0.9999025251660341,NN,OMI
2019-12-01,Moran_I_statistic,-0.02660237851626815,NN,OMI
2019-12-01,Expectation,-0.010526315789473684,NN,OMI
2019-12-01,Variance,3.965196413345037e-5,NN,OMI
2019-12-01,p,0.9946597119869051,NN,OMI
2019-12-02,Moran_I_statistic,-0.019614836563552847,NN,OMI
2019-12-02,Expectation,-0.010638297872340425,NN,OMI
2019-12-02,Variance,4.083232107394147e-5,NN,OMI
2019-12-02,p,0.919955952139971,NN,OMI
2019-12-03,Moran_I_statistic,-0.06217493323692936,NN,OMI
2019-12-03,Expectation,-0.010752688172043012,NN,OMI
2019-12-03,Variance,4.168602687666839e-5,NN,OMI
2019-12-03,p,0.9999999999999992,NN,OMI
2019-12-04,Moran_I_statistic,-0.021855149835126333,NN,OMI
2019-12-04,Expectation,-0.010638297872340425,NN,OMI
2019-12-04,Variance,3.940114650747458e-5,NN,OMI
2019-12-04,p,0.9630285975118034,NN,OMI
2019-12-05,Moran_I_statistic,-0.02958842983313519,NN,OMI
2019-12-05,Expectation,-0.010869565217391304,NN,OMI
2019-12-05,Variance,4.114137048909615e-5,NN,OMI
2019-12-05,p,0.9982406586207364,NN,OMI
2019-12-06,Moran_I_statistic,-0.05033224104813303,NN,OMI
2019-12-06,Expectation,-0.011363636363636364,NN,OMI
2019-12-06,Variance,4.5911444973327324e-5,NN,OMI
2019-12-06,p,0.9999999955679676,NN,OMI
2019-12-07,Moran_I_statistic,-0.03278022123573776,NN,OMI
2019-12-07,Expectation,-0.010638297872340425,NN,OMI
2019-12-07,Variance,4.0857808490998696e-5,NN,OMI
2019-12-07,p,0.9997338961583717,NN,OMI
2019-12-08,Moran_I_statistic,-0.05585752976755251,NN,OMI
2019-12-08,Expectation,-0.010526315789473684,NN,OMI
2019-12-08,Variance,3.614280910209569e-5,NN,OMI
2019-12-08,p,0.9999999999999766,NN,OMI
2019-12-09,Moran_I_statistic,-0.09958564378501077,NN,OMI
2019-12-09,Expectation,-0.010638297872340425,NN,OMI
2019-12-09,Variance,4.050532085098809e-5,NN,OMI
2019-12-09,p,1,NN,OMI
2019-12-10,Moran_I_statistic,-0.058685643149511135,NN,OMI
2019-12-10,Expectation,-0.010752688172043012,NN,OMI
2019-12-10,Variance,4.202663716859914e-5,NN,OMI
2019-12-10,p,0.9999999999999287,NN,OMI
2019-12-11,Moran_I_statistic,-0.026504640797183877,NN,OMI
2019-12-11,Expectation,-0.010869565217391304,NN,OMI
2019-12-11,Variance,4.18719464703567e-5,NN,OMI
2019-12-11,p,0.992158940514043,NN,OMI
2019-12-12,Moran_I_statistic,-0.03923932896972943,NN,OMI
2019-12-12,Expectation,-0.010869565217391304,NN,OMI
2019-12-12,Variance,4.257004704810342e-5,NN,OMI
2019-12-12,p,0.9999931351945879,NN,OMI
2019-12-13,Moran_I_statistic,-0.02911059581345266,NN,OMI
2019-12-13,Expectation,-0.010526315789473684,NN,OMI
2019-12-13,Variance,3.8921952516759954e-5,NN,OMI
2019-12-13,p,0.998553331513849,NN,OMI
2019-12-14,Moran_I_statistic,-0.06306500497710552,NN,OMI
2019-12-14,Expectation,-0.010526315789473684,NN,OMI
2019-12-14,Variance,3.8523311755928754e-5,NN,OMI
2019-12-14,p,1,NN,OMI
2019-12-15,Moran_I_statistic,-0.06061269660399332,NN,OMI
2019-12-15,Expectation,-0.010752688172043012,NN,OMI
2019-12-15,Variance,3.8511929661857626e-5,NN,OMI
2019-12-15,p,0.9999999999999996,NN,OMI
2019-12-16,Moran_I_statistic,-0.00831034977894442,NN,OMI
2019-12-16,Expectation,-0.010752688172043012,NN,OMI
2019-12-16,Variance,4.112100691886705e-5,NN,OMI
2019-12-16,p,0.3516507680876318,NN,OMI
2019-12-17,Moran_I_statistic,-0.016903972655252356,NN,OMI
2019-12-17,Expectation,-0.010752688172043012,NN,OMI
2019-12-17,Variance,4.1348313645105586e-5,NN,OMI
2019-12-17,p,0.8306190397366973,NN,OMI
2019-12-18,Moran_I_statistic,-0.02131525988597118,NN,OMI
2019-12-18,Expectation,-0.010752688172043012,NN,OMI
2019-12-18,Variance,4.202287707332244e-5,NN,OMI
2019-12-18,p,0.948385445405507,NN,OMI
2019-12-19,Moran_I_statistic,-0.009370722191331995,NN,OMI
2019-12-19,Expectation,-0.010752688172043012,NN,OMI
2019-12-19,Variance,4.034681611906939e-5,NN,OMI
2019-12-19,p,0.4138833090011453,NN,OMI
2019-12-20,Moran_I_statistic,-0.08240152887341798,NN,OMI
2019-12-20,Expectation,-0.010869565217391304,NN,OMI
2019-12-20,Variance,4.20520510191429e-5,NN,OMI
2019-12-20,p,1,NN,OMI
2019-12-21,Moran_I_statistic,-0.015807601755936217,NN,OMI
2019-12-21,Expectation,-0.010638297872340425,NN,OMI
2019-12-21,Variance,4.019784717744604e-5,NN,OMI
2019-12-21,p,0.7925567988770971,NN,OMI
2019-12-22,Moran_I_statistic,-0.03437835588629302,NN,OMI
2019-12-22,Expectation,-0.010526315789473684,NN,OMI
2019-12-22,Variance,3.954355671481953e-5,NN,OMI
2019-12-22,p,0.9999255935510032,NN,OMI
2019-12-23,Moran_I_statistic,-0.012666952873744992,NN,OMI
2019-12-23,Expectation,-0.010638297872340425,NN,OMI
2019-12-23,Variance,4.092306817577744e-5,NN,OMI
2019-12-23,p,0.6244238552467377,NN,OMI
2019-12-24,Moran_I_statistic,-0.012385203665042996,NN,OMI
2019-12-24,Expectation,-0.011111111111111112,NN,OMI
2019-12-24,Variance,4.412432404241729e-5,NN,OMI
2019-12-24,p,0.5760528724188924,NN,OMI
2019-12-25,Moran_I_statistic,-0.011618872521430575,NN,OMI
2019-12-25,Expectation,-0.010638297872340425,NN,OMI
2019-12-25,Variance,3.992025871182427e-5,NN,OMI
2019-12-25,p,0.5616670871157005,NN,OMI
2019-12-26,Moran_I_statistic,-0.07479521352564686,NN,OMI
2019-12-26,Expectation,-0.010638297872340425,NN,OMI
2019-12-26,Variance,4.0230778115691576e-5,NN,OMI
2019-12-26,p,1,NN,OMI
2019-12-27,Moran_I_statistic,-0.04035121550458687,NN,OMI
2019-12-27,Expectation,-0.010638297872340425,NN,OMI
2019-12-27,Variance,4.082077867751196e-5,NN,OMI
2019-12-27,p,0.9999983447742535,NN,OMI
2019-12-28,Moran_I_statistic,-0.09491838392101731,NN,OMI
2019-12-28,Expectation,-0.010638297872340425,NN,OMI
2019-12-28,Variance,4.074121597349181e-5,NN,OMI
2019-12-28,p,1,NN,OMI
2019-12-29,Moran_I_statistic,-0.05267606285477928,NN,OMI
2019-12-29,Expectation,-0.010638297872340425,NN,OMI
2019-12-29,Variance,3.902826684143044e-5,NN,OMI
2019-12-29,p,0.9999999999914578,NN,OMI
2019-12-30,Moran_I_statistic,-0.023874432557149335,NN,OMI
2019-12-30,Expectation,-0.010638297872340425,NN,OMI
2019-12-30,Variance,3.814676309564933e-5,NN,OMI
2019-12-30,p,0.9839454636509096,NN,OMI
2019-12-31,Moran_I_statistic,-0.03174447304865873,NN,OMI
2019-12-31,Expectation,-0.010752688172043012,NN,OMI
2019-12-31,Variance,3.919675008729854e-5,NN,OMI
2019-12-31,p,0.9996001936980564,NN,OMI
